Snapshot_Stamp,Snapshot_Date,Ma_Co_Phieu,Ten_Quy,AUM_VND,Ty_Le_Trong_Quy,Gia_Tri_VND,Nganh
2026-08-19_025930,2026-08-19,VIC,SSISCA,1268971429327,10.28,130450262934.81558,Bất động sản
2026-08-19_025930,2026-08-19,VHM,SSISCA,1268971429327,7.92,100502537202.6984,Bất động sản
2026-08-19_025930,2026-08-19,HPG,SSISCA,1268971429327,6.44,81721760048.6588,Vật liệu xây dựng
2026-08-19_025930,2026-08-19,VCB,SSISCA,1268971429327,5.07,64336851466.87891,Ngân hàng
2026-08-19_025930,2026-08-19,HDB,SSISCA,1268971429327,4.75,60276142893.0325,Ngân hàng
2026-08-19_025930,2026-08-19,MWG,SSISCA,1268971429327,4.73,60022348607.1671,Bán lẻ
2026-08-19_025930,2026-08-19,CTG,SSISCA,1268971429327,4.51,57230611462.647705,Ngân hàng
2026-08-19_025930,2026-08-19,TCB,SSISCA,1268971429327,4.46,56596125747.9842,Ngân hàng
2026-08-19_025930,2026-08-19,MBB,SSISCA,1268971429327,4.35,55200257175.724495,Ngân hàng
2026-08-19_025930,2026-08-19,VPB,SSISCA,1268971429327,4.35,55200257175.724495,Ngân hàng
2026-08-19_025930,2026-08-19,HPG,BVFED,285562759921,10.22,29184514063.926205,Vật liệu xây dựng
2026-08-19_025930,2026-08-19,FPT,BVFED,285562759921,6.18,17647778563.117798,Công nghệ và thông tin
2026-08-19_025930,2026-08-19,ACB,BVFED,285562759921,5.9,16848202835.339,Ngân hàng
2026-08-19_025930,2026-08-19,VPB,BVFED,285562759921,5.4,15420389035.734001,Ngân hàng
2026-08-19_025930,2026-08-19,MBB,BVFED,285562759921,4.86,13878350132.1606,Ngân hàng
2026-08-19_025930,2026-08-19,HDB,BVFED,285562759921,4.82,13764125028.1922,Ngân hàng
2026-08-19_025930,2026-08-19,TCB,BVFED,285562759921,4.71,13450005992.2791,Ngân hàng
2026-08-19_025930,2026-08-19,SHB,BVFED,285562759921,4.45,12707542816.4845,Ngân hàng
2026-08-19_025930,2026-08-19,MWG,BVFED,285562759921,4.13,11793741984.737299,Bán lẻ
2026-08-19_025930,2026-08-19,LPB,BVFED,285562759921,3.47,9909027769.258701,Ngân hàng
2026-08-19_025930,2026-08-19,ACB,BVPF,174331175132,9.02,15724671996.9064,Ngân hàng
2026-08-19_025930,2026-08-19,FPT,BVPF,174331175132,7.97,13894194658.0204,Công nghệ và thông tin
2026-08-19_025930,2026-08-19,MBB,BVPF,174331175132,7.05,12290347846.806,Ngân hàng
2026-08-19_025930,2026-08-19,QTP,BVPF,174331175132,6.35,11070029620.882,Tiện ích
2026-08-19_025930,2026-08-19,TCB,BVPF,174331175132,5.13,8943189284.271599,Ngân hàng
2026-08-19_025930,2026-08-19,MWG,BVPF,174331175132,4.64,8088966526.1248,Bán lẻ
2026-08-19_025930,2026-08-19,CTG,BVPF,174331175132,4.59,8001800938.5588,Ngân hàng
2026-08-19_025930,2026-08-19,REE,BVPF,174331175132,4.59,8001800938.5588,Thiết bị điện
2026-08-19_025930,2026-08-19,ND2,BVPF,174331175132,4.33,7548539883.2156,Xây dựng
2026-08-19_025930,2026-08-19,VIB,BVPF,174331175132,4.15,7234743767.978001,Ngân hàng
2026-08-19_025930,2026-08-19,MBB,VEOF,1518557568813,7.95,120725326720.6335,Ngân hàng
2026-08-19_025930,2026-08-19,CTG,VEOF,1518557568813,7.28,110550991009.58641,Ngân hàng
2026-08-19_025930,2026-08-19,HPG,VEOF,1518557568813,6.01,91265309885.6613,Vật liệu xây dựng
2026-08-19_025930,2026-08-19,VCB,VEOF,1518557568813,5.65,85798502637.93451,Ngân hàng
2026-08-19_025930,2026-08-19,MWG,VEOF,1518557568813,5.51,83672522041.5963,Bán lẻ
2026-08-19_025930,2026-08-19,STB,VEOF,1518557568813,4.74,71979628761.7362,Ngân hàng
2026-08-19_025930,2026-08-19,HDB,VEOF,1518557568813,4.56,69246225137.87279,Ngân hàng
2026-08-19_025930,2026-08-19,PHR,VEOF,1518557568813,4.53,68790657867.2289,Sản xuất Nhựa - Hóa chất
2026-08-19_025930,2026-08-19,FRT,VEOF,1518557568813,4.05,61501581536.9265,Bán lẻ
2026-08-19_025930,2026-08-19,TCB,VEOF,1518557568813,3.65,55427351261.6745,Ngân hàng
2026-08-19_025930,2026-08-19,VCB,VIBF,1322102978642,4.65,61477788506.85301,Ngân hàng
2026-08-19_025930,2026-08-19,HPG,VIBF,1322102978642,4.53,59891264932.4826,Vật liệu xây dựng
2026-08-19_025930,2026-08-19,MBB,VIBF,1322102978642,3.53,46670235146.0626,Ngân hàng
2026-08-19_025930,2026-08-19,MWG,VIBF,1322102978642,2.42,31994892083.1364,Bán lẻ
2026-08-19_025930,2026-08-19,BVH,VESAF,2225841767988,7.21,160483191471.93478,Bảo hiểm
2026-08-19_025930,2026-08-19,MWG,VESAF,2225841767988,6.32,140673199736.8416,Bán lẻ
2026-08-19_025930,2026-08-19,VCB,VESAF,2225841767988,6.16,137111852908.0608,Ngân hàng
2026-08-19_025930,2026-08-19,HPG,VESAF,2225841767988,5.99,133327921902.4812,Vật liệu xây dựng
2026-08-19_025930,2026-08-19,CTG,VESAF,2225841767988,5.9,131324664311.292,Ngân hàng
2026-08-19_025930,2026-08-19,MBB,VESAF,2225841767988,5.84,129989159250.4992,Ngân hàng
2026-08-19_025930,2026-08-19,FPT,VESAF,2225841767988,4.36,97046701084.2768,Công nghệ và thông tin
2026-08-19_025930,2026-08-19,GMD,VESAF,2225841767988,4.0,89033670719.52,Vận tải - Kho bãi
2026-08-19_025930,2026-08-19,TCB,VESAF,2225841767988,3.85,85694908067.538,Ngân hàng
2026-08-19_025930,2026-08-19,ACB,VESAF,2225841767988,3.81,84804571360.3428,Ngân hàng
2026-08-19_025930,2026-08-19,VHM,DCDE,846356766088,5.74,48580878373.4512,Bất động sản
2026-08-19_025930,2026-08-19,MWG,DCDE,846356766088,5.67,47988428637.1896,Bán lẻ
2026-08-19_025930,2026-08-19,BID,DCDE,846356766088,5.31,44941544279.2728,Ngân hàng
2026-08-19_025930,2026-08-19,ACB,DCDE,846356766088,4.14,35039170116.0432,Ngân hàng
2026-08-19_025930,2026-08-19,HPG,DCDE,846356766088,3.84,32500099817.779198,Vật liệu xây dựng
2026-08-19_025930,2026-08-19,VCB,DCDE,846356766088,3.73,31569107375.0824,Ngân hàng
2026-08-19_025930,2026-08-19,VPB,DCDE,846356766088,3.72,31484471698.473602,Ngân hàng
2026-08-19_025930,2026-08-19,STB,DCDE,846356766088,2.78,23528718097.2464,Ngân hàng
2026-08-19_025930,2026-08-19,HDB,DCDE,846356766088,2.54,21497461858.6352,Ngân hàng
2026-08-19_025930,2026-08-19,TCB,DCDE,846356766088,2.48,20989647798.9824,Ngân hàng
2026-08-19_025930,2026-08-19,VIC,DCDS,5723344907684,10.08,576913166694.5472,Bất động sản
2026-08-19_025930,2026-08-19,BID,DCDS,5723344907684,7.83,448137906271.65717,Ngân hàng
2026-08-19_025930,2026-08-19,MWG,DCDS,5723344907684,6.17,353130380804.1028,Bán lẻ
2026-08-19_025930,2026-08-19,VHM,DCDS,5723344907684,4.45,254688848391.93802,Bất động sản
2026-08-19_025930,2026-08-19,HPG,DCDS,5723344907684,3.91,223782785890.44443,Vật liệu xây dựng
2026-08-19_025930,2026-08-19,ACB,DCDS,5723344907684,3.46,198027733805.8664,Ngân hàng
2026-08-19_025930,2026-08-19,HDB,DCDS,5723344907684,3.32,190015050935.1088,Ngân hàng
2026-08-19_025930,2026-08-19,VPB,DCDS,5723344907684,3.2,183147037045.888,Ngân hàng
2026-08-19_025930,2026-08-19,TCB,DCDS,5723344907684,2.46,140794284729.0264,Ngân hàng
2026-08-19_025930,2026-08-19,POW,DCDS,5723344907684,2.02,115611567135.2168,Tiện ích
2026-08-19_025930,2026-08-19,VCB,DCAF,157411871642,6.2,9759536041.804,Ngân hàng
2026-08-19_025930,2026-08-19,MWG,DCAF,157411871642,4.68,7366875592.845599,Bán lẻ
2026-08-19_025930,2026-08-19,GMD,DCAF,157411871642,4.5,7083534223.889999,Vận tải - Kho bãi
2026-08-19_025930,2026-08-19,HDB,DCAF,157411871642,4.48,7052051849.561601,Ngân hàng
2026-08-19_025930,2026-08-19,BMP,DCAF,157411871642,3.77,5934427560.903399,Sản xuất Nhựa - Hóa chất
2026-08-19_025930,2026-08-19,VNM,DCAF,157411871642,3.56,5603862630.4552,Thực phẩm - Đồ uống
2026-08-19_025930,2026-08-19,HPG,DCAF,157411871642,3.39,5336262448.6638,Vật liệu xây dựng
2026-08-19_025930,2026-08-19,VPB,DCAF,157411871642,3.34,5257556512.8428,Ngân hàng
2026-08-19_025930,2026-08-19,STB,DCAF,157411871642,3.29,5178850577.0218,Ngân hàng
2026-08-19_025930,2026-08-19,BID,DCAF,157411871642,3.22,5068662266.8724,Ngân hàng
2026-08-19_025930,2026-08-19,MBB,VCBF-TBF,773248747554,5.42,41910082117.426796,Ngân hàng
2026-08-19_025930,2026-08-19,MWG,VCBF-TBF,773248747554,3.88,30002051405.0952,Bán lẻ
2026-08-19_025930,2026-08-19,MSN,VCBF-TBF,773248747554,3.52,27218355913.900803,Thực phẩm - Đồ uống
2026-08-19_025930,2026-08-19,CTG,VCBF-TBF,773248747554,3.49,26986381289.6346,Ngân hàng
2026-08-19_025930,2026-08-19,HPG,VCBF-TBF,773248747554,3.24,25053259420.749603,Vật liệu xây dựng
2026-08-19_025930,2026-08-19,FPT,VCBF-TBF,773248747554,2.99,23120137551.8646,Công nghệ và thông tin
2026-08-19_025930,2026-08-19,MBB,VCBF-BCF,1528799528903,9.3,142178356187.97903,Ngân hàng
2026-08-19_025930,2026-08-19,MWG,VCBF-BCF,1528799528903,6.14,93868291074.6442,Bán lẻ
2026-08-19_025930,2026-08-19,CTG,VCBF-BCF,1528799528903,6.05,92492371498.6315,Ngân hàng
2026-08-19_025930,2026-08-19,MSN,VCBF-BCF,1528799528903,6.03,92186611592.8509,Thực phẩm - Đồ uống
2026-08-19_025930,2026-08-19,HPG,VCBF-BCF,1528799528903,5.66,86530053335.9098,Vật liệu xây dựng
2026-08-19_025930,2026-08-19,FPT,VCBF-BCF,1528799528903,5.09,77815896021.1627,Công nghệ và thông tin
2026-08-19_025930,2026-08-19,ACB,VCBF-BCF,1528799528903,4.52,69101738706.41559,Ngân hàng
2026-08-19_025930,2026-08-19,TCB,VCBF-BCF,1528799528903,3.94,60234701438.7782,Ngân hàng
2026-08-19_025930,2026-08-19,VPB,VCBF-BCF,1528799528903,3.44,52590703794.2632,Ngân hàng
2026-08-19_025930,2026-08-19,BVH,VCBF-BCF,1528799528903,3.21,49074464877.78629,Bảo hiểm
2026-08-19_025930,2026-08-19,VIC,MAGEF,557751585803,11.12,62021976341.293594,Bất động sản
2026-08-19_025930,2026-08-19,HPG,MAGEF,557751585803,10.4,58006164923.51201,Vật liệu xây dựng
2026-08-19_025930,2026-08-19,CTG,MAGEF,557751585803,5.31,29616609206.139297,Ngân hàng
2026-08-19_025930,2026-08-19,MBB,MAGEF,557751585803,5.24,29226183096.0772,Ngân hàng
2026-08-19_025930,2026-08-19,VEA,MAGEF,557751585803,4.69,26158549374.1607,"Sản xuất Thiết bị, máy móc"
2026-08-19_025930,2026-08-19,VHM,MAGEF,557751585803,4.68,26102774215.5804,Bất động sản
2026-08-19_025930,2026-08-19,VPB,MAGEF,557751585803,4.35,24262193982.4305,Ngân hàng
2026-08-19_025930,2026-08-19,TCB,MAGEF,557751585803,4.32,24094868506.6896,Ngân hàng
2026-08-19_025930,2026-08-19,MWG,MAGEF,557751585803,4.24,23648667238.0472,Bán lẻ
2026-08-19_025930,2026-08-19,VCB,MAGEF,557751585803,3.99,22254288273.539703,Ngân hàng
2026-08-19_025930,2026-08-19,VHM,VNDAF,296199914017,9.22,27309632072.3674,Bất động sản
2026-08-19_025930,2026-08-19,VIC,VNDAF,296199914017,8.58,25413952622.6586,Bất động sản
2026-08-19_025930,2026-08-19,VIB,VNDAF,296199914017,6.47,19164134436.8999,Ngân hàng
2026-08-19_025930,2026-08-19,FPT,VNDAF,296199914017,3.95,11699896603.6715,Công nghệ và thông tin
2026-08-19_025930,2026-08-19,HDB,VNDAF,296199914017,3.55,10515096947.603498,Ngân hàng
2026-08-19_025930,2026-08-19,BID,VNDAF,296199914017,2.72,8056637661.262401,Ngân hàng
2026-08-19_025930,2026-08-19,VCB,VNDAF,296199914017,2.66,7878917712.8522005,Ngân hàng
2026-08-19_025930,2026-08-19,VPB,VNDAF,296199914017,2.63,7790057738.6471,Ngân hàng
2026-08-19_025930,2026-08-19,EIB,VNDAF,296199914017,1.8,5331598452.306001,Ngân hàng
2026-08-19_025930,2026-08-19,VNM,VNDAF,296199914017,1.79,5301978460.9043,Thực phẩm - Đồ uống
2026-08-19_025930,2026-08-19,DRI,TBLF,64876010435,4.67,3029709687.3145,Sản phẩm cao su
2026-08-19_025930,2026-08-19,TLG,TBLF,64876010435,4.49,2912932868.5315003,Sản xuất Phụ trợ
2026-08-19_025930,2026-08-19,VIP,TBLF,64876010435,4.3,2789668448.705,Vận tải - Kho bãi
2026-08-19_025930,2026-08-19,FMC,TBLF,64876010435,4.2,2724792438.27,Chế biến thủy sản
2026-08-19_025930,2026-08-19,FPT,TBLF,64876010435,4.12,2672891629.922,Công nghệ và thông tin
2026-08-19_025930,2026-08-19,DPR,TBLF,64876010435,2.21,1433759830.6134999,Sản xuất Nhựa - Hóa chất
2026-08-19_025930,2026-08-19,MWG,TBLF,64876010435,2.14,1388346623.3090003,Bán lẻ
2026-08-19_025930,2026-08-19,BWE,TBLF,64876010435,1.33,862850938.7855,Tiện ích
2026-08-19_025930,2026-08-19,SIP,TBLF,64876010435,1.07,694173311.6545001,Tiện ích
2026-08-19_025930,2026-08-19,HPA,TBLF,64876010435,0.02,12975202.087000001,Thực phẩm - Đồ uống
2026-08-19_025930,2026-08-19,MBB,VCBF-MGF,853200222274,8.03,68511977848.602196,Ngân hàng
2026-08-19_025930,2026-08-19,ACB,VCBF-MGF,853200222274,6.22,53069053825.442795,Ngân hàng
2026-08-19_025930,2026-08-19,DGW,VCBF-MGF,853200222274,5.19,44281091536.0206,Bán buôn
2026-08-19_025930,2026-08-19,FPT,VCBF-MGF,853200222274,5.17,44110451491.565796,Công nghệ và thông tin
2026-08-19_025930,2026-08-19,MWG,VCBF-MGF,853200222274,5.05,43086611224.837,Bán lẻ
2026-08-19_025930,2026-08-19,CTD,VCBF-MGF,853200222274,4.76,40612330580.24239,Xây dựng
2026-08-19_025930,2026-08-19,BWE,VCBF-MGF,853200222274,4.65,39673810335.741005,Tiện ích
2026-08-19_025930,2026-08-19,BVH,VCBF-MGF,853200222274,4.23,36090369402.1902,Bảo hiểm
2026-08-19_025930,2026-08-19,PNJ,VCBF-MGF,853200222274,3.69,31483088201.910603,Sản xuất Phụ trợ
2026-08-19_025930,2026-08-19,PVS,VCBF-MGF,853200222274,3.39,28923487535.0886,Khai khoáng
2026-08-19_025930,2026-08-19,ACB,MBVF,256912082194,12.73,32704908063.2962,Ngân hàng
2026-08-19_025930,2026-08-19,TCB,MBVF,256912082194,10.38,26667474131.7372,Ngân hàng
2026-08-19_025930,2026-08-19,VIB,MBVF,256912082194,4.86,12485927194.6284,Ngân hàng
2026-08-19_025930,2026-08-19,TPB,MBVF,256912082194,4.81,12357471153.531399,Ngân hàng
2026-08-19_025930,2026-08-19,CTG,MBVF,256912082194,4.0,10276483287.76,Ngân hàng
2026-08-19_025930,2026-08-19,QTP,MBVF,256912082194,3.98,10225100871.321201,Tiện ích
2026-08-19_025930,2026-08-19,TCI,MBVF,256912082194,3.45,8863466835.693,Chứng khoán
2026-08-19_025930,2026-08-19,HPG,MBVF,256912082194,3.36,8632245961.7184,Vật liệu xây dựng
2026-08-19_025930,2026-08-19,QNS,MBVF,256912082194,3.2,8221186630.208,Thực phẩm - Đồ uống
2026-08-19_025930,2026-08-19,MWG,VLGF,3905763849264,11.83,462051863367.9312,Bán lẻ
2026-08-19_025930,2026-08-19,VCB,VLGF,3905763849264,7.66,299181510853.6224,Ngân hàng
2026-08-19_025930,2026-08-19,CTG,VLGF,3905763849264,7.22,281996149916.8608,Ngân hàng
2026-08-19_025930,2026-08-19,ACB,VLGF,3905763849264,5.4,210911247860.256,Ngân hàng
2026-08-19_025930,2026-08-19,VHM,VLGF,3905763849264,4.86,189820123074.2304,Bất động sản
2026-08-19_025930,2026-08-19,GMD,VLGF,3905763849264,4.84,189038970304.3776,Vận tải - Kho bãi
2026-08-19_025930,2026-08-19,VCI,VLGF,3905763849264,4.44,173415914907.3216,Chứng khoán
2026-08-19_025930,2026-08-19,TCB,VLGF,3905763849264,4.36,170291303827.9104,Ngân hàng
2026-08-19_025930,2026-08-19,FPT,VLGF,3905763849264,4.2,164042081669.088,Công nghệ và thông tin
2026-08-19_025930,2026-08-19,NLG,VLGF,3905763849264,4.13,161308046974.60318,Bất động sản
2026-08-19_025930,2026-08-19,MBB,NTPPF,28300000000,11.5,3254500000.0,Ngân hàng
2026-08-19_025930,2026-08-19,HCM,NTPPF,28300000000,6.6,1867800000.0,Chứng khoán
2026-08-19_025930,2026-08-19,FPT,NTPPF,28300000000,5.4,1528200000.0000002,Công nghệ và thông tin
2026-08-19_025930,2026-08-19,STB,NTPPF,28300000000,5.0,1415000000.0,Ngân hàng
2026-08-19_025930,2026-08-19,TCB,NTPPF,28300000000,4.4,1245200000.0000002,Ngân hàng
2026-08-19_025930,2026-08-19,CTD,NTPPF,28300000000,4.4,1245200000.0000002,Xây dựng
2026-08-19_025930,2026-08-19,HPG,NTPPF,28300000000,4.4,1245200000.0000002,Vật liệu xây dựng
2026-08-19_025930,2026-08-19,MWG,NTPPF,28300000000,4.1,1160299999.9999998,Bán lẻ
2026-08-19_025930,2026-08-19,MSN,NTPPF,28300000000,4.0,1132000000.0,Thực phẩm - Đồ uống
2026-08-19_025930,2026-08-19,SSI,NTPPF,28300000000,3.9,1103700000.0,Chứng khoán
2026-08-19_025930,2026-08-19,VIC,UVEEF,656722575051,18.12,118998130599.2412,Bất động sản
2026-08-19_025930,2026-08-19,VHM,UVEEF,656722575051,7.26,47678058948.7026,Bất động sản
2026-08-19_025930,2026-08-19,VCB,UVEEF,656722575051,5.3,34806296477.702995,Ngân hàng
2026-08-19_025930,2026-08-19,HPG,UVEEF,656722575051,4.55,29880877164.8205,Vật liệu xây dựng
2026-08-19_025930,2026-08-19,CTG,UVEEF,656722575051,4.45,29224154589.769505,Ngân hàng
2026-08-19_025930,2026-08-19,MBB,UVEEF,656722575051,4.32,28370415242.2032,Ngân hàng
2026-08-19_025930,2026-08-19,TCB,UVEEF,656722575051,4.0,26268903002.04,Ngân hàng
2026-08-19_025930,2026-08-19,HDB,UVEEF,656722575051,3.59,23576340444.330902,Ngân hàng
2026-08-19_025930,2026-08-19,MWG,UVEEF,656722575051,3.43,22525584324.249302,Bán lẻ
2026-08-19_025930,2026-08-19,STB,UVEEF,656722575051,3.23,21212139174.1473,Ngân hàng
2026-08-19_025930,2026-08-19,HSG,HDBOND,53442387764,3.21,1715500647.2243998,Vật liệu xây dựng
2026-08-19_025930,2026-08-19,MBS,HDBOND,53442387764,2.31,1234519157.3483999,Chứng khoán
2026-08-19_025930,2026-08-19,CTG,PHVSF,154593910409,4.5,6956725968.405,Ngân hàng
2026-08-19_025930,2026-08-19,HPG,PHVSF,154593910409,4.43,6848510231.1187,Vật liệu xây dựng
2026-08-19_025930,2026-08-19,VPB,PHVSF,154593910409,4.41,6817591449.0369005,Ngân hàng
2026-08-19_025930,2026-08-19,ACB,PHVSF,154593910409,4.36,6740294493.8324,Ngân hàng
2026-08-19_025930,2026-08-19,MBB,PHVSF,154593910409,4.15,6415647281.9735,Ngân hàng
2026-08-19_025930,2026-08-19,VCB,PHVSF,154593910409,4.0,6183756416.36,Ngân hàng
2026-08-19_025930,2026-08-19,VNM,PHVSF,154593910409,3.97,6137378243.2373,Thực phẩm - Đồ uống
2026-08-19_025930,2026-08-19,VHM,PHVSF,154593910409,3.79,5859109204.501101,Bất động sản
2026-08-19_025930,2026-08-19,MSN,PHVSF,154593910409,3.49,5395327473.2741,Thực phẩm - Đồ uống
2026-08-19_025930,2026-08-19,MWG,PHVSF,154593910409,3.31,5117058434.5379,Bán lẻ
2026-08-19_025930,2026-08-19,HPG,VMEEF,1322102978642,9.99,132078087566.3358,Vật liệu xây dựng
2026-08-19_025930,2026-08-19,VCB,VMEEF,1322102978642,7.42,98100041015.2364,Ngân hàng
2026-08-19_025930,2026-08-19,MBB,VMEEF,1322102978642,6.38,84350170037.35959,Ngân hàng
2026-08-19_025930,2026-08-19,CTG,VMEEF,1322102978642,6.09,80516071399.29779,Ngân hàng
2026-08-19_025930,2026-08-19,ACB,VMEEF,1322102978642,5.59,73905556506.0878,Ngân hàng
2026-08-19_025930,2026-08-19,TCB,VMEEF,1322102978642,4.33,57247058975.1986,Ngân hàng
2026-08-19_025930,2026-08-19,TCX,VMEEF,1322102978642,4.13,54602853017.9146,Chứng khoán
2026-08-19_025930,2026-08-19,FPT,VMEEF,1322102978642,4.01,53016329443.5442,Công nghệ và thông tin
2026-08-19_025930,2026-08-19,MWG,VMEEF,1322102978642,3.82,50504333784.1244,Bán lẻ
2026-08-19_025930,2026-08-19,REE,VMEEF,1322102978642,3.74,49446651401.2108,Thiết bị điện
2026-08-19_025930,2026-08-19,ACB,VCAMBF,152819501101,4.91,7503437504.059101,Ngân hàng
2026-08-19_025930,2026-08-19,MBB,VCAMBF,152819501101,4.54,6938005349.9854,Ngân hàng
2026-08-19_025930,2026-08-19,STB,VCAMBF,152819501101,4.13,6311445395.471299,Ngân hàng
2026-08-19_025930,2026-08-19,HPG,VCAMBF,152819501101,3.02,4615148933.2502,Vật liệu xây dựng
2026-08-19_025930,2026-08-19,ABB,VCAMBF,152819501101,2.91,4447047482.0391,Ngân hàng
2026-08-19_025930,2026-08-19,VCB,VCAMBF,152819501101,2.67,4080280679.3967,Ngân hàng
2026-08-19_025930,2026-08-19,POW,VCAMBF,152819501101,2.63,4019152878.9563003,Tiện ích
2026-08-19_025930,2026-08-19,LPB,VCAMBF,152819501101,2.33,3560694375.6533003,Ngân hàng
2026-08-19_025930,2026-08-19,VPB,VCAMBF,152819501101,2.15,3285619273.6714997,Ngân hàng
2026-08-19_025930,2026-08-19,VIC,VCAMBF,152819501101,2.07,3163363672.7907,Bất động sản
2026-08-19_025930,2026-08-19,VCB,MAFBAL,313129016042,3.73,11679712298.3666,Ngân hàng
2026-08-19_025930,2026-08-19,VHM,MAFBAL,313129016042,3.56,11147392971.0952,Bất động sản
2026-08-19_025930,2026-08-19,MWG,MAFBAL,313129016042,3.18,9957502710.135601,Bán lẻ
2026-08-19_025930,2026-08-19,CTG,MAFBAL,313129016042,2.6,8141354417.092001,Ngân hàng
2026-08-19_025930,2026-08-19,MBB,MAFBAL,313129016042,2.1,6575709336.882,Ngân hàng
2026-08-19_025930,2026-08-19,HPG,MAFBAL,313129016042,2.07,6481770632.0694,Vật liệu xây dựng
2026-08-19_025930,2026-08-19,HDB,MAFBAL,313129016042,2.05,6419144828.860999,Ngân hàng
2026-08-19_025930,2026-08-19,VIC,MAFEQI,432527669604,10.6,45847932978.024,Bất động sản
2026-08-19_025930,2026-08-19,VCB,MAFEQI,432527669604,8.87,38365204293.874794,Ngân hàng
2026-08-19_025930,2026-08-19,VHM,MAFEQI,432527669604,6.13,26513946146.7252,Bất động sản
2026-08-19_025930,2026-08-19,CTG,MAFEQI,432527669604,5.12,22145416683.7248,Ngân hàng
2026-08-19_025930,2026-08-19,HPG,MAFEQI,432527669604,4.83,20891086441.8732,Vật liệu xây dựng
2026-08-19_025930,2026-08-19,MWG,MAFEQI,432527669604,4.45,19247481297.378002,Bán lẻ
2026-08-19_025930,2026-08-19,HDB,MAFEQI,432527669604,4.35,18814953627.774,Ngân hàng
2026-08-19_025930,2026-08-19,MBB,MAFEQI,432527669604,4.26,18425678725.130398,Ngân hàng
2026-08-19_025930,2026-08-19,FPT,MAFEQI,432527669604,3.27,14143654796.0508,Công nghệ và thông tin
2026-08-19_025930,2026-08-19,TCB,MAFEQI,432527669604,3.22,13927390961.2488,Ngân hàng
2026-08-19_025930,2026-08-19,VCB,MDI,132942213694,4.54,6035576501.707601,Ngân hàng
2026-08-19_025930,2026-08-19,VHM,MDI,132942213694,4.03,5357571211.8682,Bất động sản
2026-08-19_025930,2026-08-19,MWG,MDI,132942213694,3.34,4440269937.3796,Bán lẻ
2026-08-19_025930,2026-08-19,HPG,MDI,132942213694,2.21,2938022922.6373997,Vật liệu xây dựng
2026-08-19_025930,2026-08-19,MBB,MDI,132942213694,2.2,2924728701.268,Ngân hàng
2026-08-19_025930,2026-08-19,HDB,MDI,132942213694,2.08,2765198044.8352,Ngân hàng
2026-08-19_025930,2026-08-19,MSN,MDI,132942213694,1.98,2632255831.1411996,Thực phẩm - Đồ uống
2026-08-19_025930,2026-08-19,CTG,MDI,132942213694,1.7,2260017632.7980003,Ngân hàng
2026-08-19_025930,2026-08-19,FPT,MDI,132942213694,1.69,2246723411.4286,Công nghệ và thông tin
2026-08-19_025930,2026-08-19,DGW,MDI,132942213694,1.62,2153663861.8428,Bán buôn
2026-08-19_025930,2026-08-19,HDB,VDEF,374680318233,8.27,30986062317.8691,Ngân hàng
2026-08-19_025930,2026-08-19,PHR,VDEF,374680318233,7.55,28288364026.5915,Sản xuất Nhựa - Hóa chất
2026-08-19_025930,2026-08-19,HPG,VDEF,374680318233,6.6,24728901003.378002,Vật liệu xây dựng
2026-08-19_025930,2026-08-19,VCB,VDEF,374680318233,6.41,24017008398.735302,Ngân hàng
2026-08-19_025930,2026-08-19,MBB,VDEF,374680318233,6.39,23942072335.0887,Ngân hàng
2026-08-19_025930,2026-08-19,STB,VDEF,374680318233,4.67,17497570861.4811,Ngân hàng
2026-08-19_025930,2026-08-19,CTG,VDEF,374680318233,4.57,17122890543.248102,Ngân hàng
2026-08-19_025930,2026-08-19,DPR,VDEF,374680318233,4.56,17085422511.424799,Sản xuất Nhựa - Hóa chất
2026-08-19_025930,2026-08-19,PVI,VDEF,374680318233,4.53,16973018415.9549,Bảo hiểm
2026-08-19_025930,2026-08-19,REE,VDEF,374680318233,3.65,13675831615.5045,Thiết bị điện
