Snapshot_Stamp,Snapshot_Date,Fund_Id,Ten_Quy,Loai_Quy,Ma_Co_Phieu,Nganh,AUM_VND,Ty_Le_Trong_Quy,Gia_Tri_VND,So_Co_Phieu,Gia_Tri_Tai_San_VND,Report_Date,Fetch_Status
2026-09-26,2026-09-26,89,EVESG,STOCK,VIC,Bất động sản,2630885400654.0,19.52,513548830207.66077,2197430.0,518593480000.0,2026-08-01,LIVE
2026-09-26,2026-09-26,89,EVESG,STOCK,VCB,Ngân hàng,2630885400654.0,8.86,233096446497.94437,3916480.0,235380448000.0,2026-08-01,LIVE
2026-09-26,2026-09-26,89,EVESG,STOCK,VHM,Bất động sản,2630885400654.0,7.58,199421113369.5732,2757900.0,201326700000.0,2026-08-01,LIVE
2026-09-26,2026-09-26,89,EVESG,STOCK,BID,Ngân hàng,2630885400654.0,3.99,104972327486.0946,2879426.0,106106848100.0,2026-08-01,LIVE
2026-09-26,2026-09-26,89,EVESG,STOCK,STB,Ngân hàng,2630885400654.0,3.62,95238051503.6748,1274200.0,96202100000.0,2026-08-01,LIVE
2026-09-26,2026-09-26,89,EVESG,STOCK,CTG,Ngân hàng,2630885400654.0,3.54,93133343183.1516,2945076.0,94095178200.0,2026-08-01,LIVE
2026-09-26,2026-09-26,89,EVESG,STOCK,MBB,Ngân hàng,2630885400654.0,3.18,83662155740.79721,4017071.0,84559344550.0,2026-08-01,LIVE
2026-09-26,2026-09-26,89,EVESG,STOCK,TCB,Ngân hàng,2630885400654.0,3.14,82609801580.5356,2494800.0,83326320000.0,2026-08-01,LIVE
2026-09-26,2026-09-26,89,EVESG,STOCK,VPB,Ngân hàng,2630885400654.0,2.95,77611119319.29301,2824000.0,78507200000.0,2026-08-01,LIVE
2026-09-26,2026-09-26,89,EVESG,STOCK,HPG,Vật liệu xây dựng,2630885400654.0,2.71,71296994357.7234,3253160.0,71894836000.0,2026-08-01,LIVE
2026-09-26,2026-09-26,12,BVFED,STOCK,HPG,Vật liệu xây dựng,302531949320.0,9.83,29738890618.156002,1351152.0,29860459200.0,2026-08-01,LIVE
2026-09-26,2026-09-26,12,BVFED,STOCK,FPT,Công nghệ và thông tin,302531949320.0,6.37,19271285171.684002,264194.0,19339000800.0,2026-08-01,LIVE
2026-09-26,2026-09-26,12,BVFED,STOCK,ACB,Ngân hàng,302531949320.0,5.76,17425840280.832,772395.0,17494746750.0,2026-08-01,LIVE
2026-09-26,2026-09-26,12,BVFED,STOCK,VPB,Ngân hàng,302531949320.0,5.71,17274574306.172,624055.0,17348729000.0,2026-08-01,LIVE
2026-09-26,2026-09-26,12,BVFED,STOCK,TCB,Ngân hàng,302531949320.0,5.12,15489635805.184002,466200.0,15571080000.0,2026-08-01,LIVE
2026-09-26,2026-09-26,12,BVFED,STOCK,HDB,Ngân hàng,302531949320.0,5.02,15187103855.863998,548337.0,15243768600.0,2026-08-01,LIVE
2026-09-26,2026-09-26,12,BVFED,STOCK,MBB,Ngân hàng,302531949320.0,4.94,14945078296.408,713066.0,15010039300.0,2026-08-01,LIVE
2026-09-26,2026-09-26,12,BVFED,STOCK,SHB,Ngân hàng,302531949320.0,4.46,13492924939.671999,1109516.0,13536095200.0,2026-08-01,LIVE
2026-09-26,2026-09-26,12,BVFED,STOCK,MWG,Bán lẻ,302531949320.0,4.18,12645835481.575998,169300.0,12697500000.0,2026-08-01,LIVE
2026-09-26,2026-09-26,12,BVFED,STOCK,LPB,Ngân hàng,302531949320.0,3.16,9560009598.512001,192200.0,9600390000.0,2026-08-01,LIVE
2026-09-26,2026-09-26,78,UVDIF,BALANCED,VIC,Bất động sản,141104973542.0,5.44,7676110560.684801,32600.0,7693600000.0,2026-08-01,LIVE
2026-09-26,2026-09-26,72,MAFEQI,STOCK,VIC,Bất động sản,457405095540.0,12.07,55208795031.678,235000.0,55460000000.0,2026-08-01,LIVE
2026-09-26,2026-09-26,72,MAFEQI,STOCK,VCB,Ngân hàng,457405095540.0,8.49,38833692611.346,649250.0,39019925000.0,2026-08-01,LIVE
2026-09-26,2026-09-26,72,MAFEQI,STOCK,MWG,Bán lẻ,457405095540.0,6.1,27901710827.94,374000.0,28050000000.0,2026-08-01,LIVE
2026-09-26,2026-09-26,72,MAFEQI,STOCK,VHM,Bất động sản,457405095540.0,5.08,23236178853.432003,320000.0,23360000000.0,2026-08-01,LIVE
2026-09-26,2026-09-26,72,MAFEQI,STOCK,CTG,Ngân hàng,457405095540.0,5.02,22961735796.107998,722488.0,23083491600.0,2026-08-01,LIVE
2026-09-26,2026-09-26,72,MAFEQI,STOCK,HPG,Vật liệu xây dựng,457405095540.0,4.65,21269336942.61,967200.0,21375120000.0,2026-08-01,LIVE
2026-09-26,2026-09-26,72,MAFEQI,STOCK,HDB,Ngân hàng,457405095540.0,4.53,20720450827.962,749467.0,20835182600.0,2026-08-01,LIVE
2026-09-26,2026-09-26,72,MAFEQI,STOCK,MBB,Ngân hàng,457405095540.0,4.34,19851381146.435997,946358.0,19920835900.0,2026-08-01,LIVE
2026-09-26,2026-09-26,72,MAFEQI,STOCK,TCB,Ngân hàng,457405095540.0,3.51,16054918853.453999,482600.0,16118840000.0,2026-08-01,LIVE
2026-09-26,2026-09-26,72,MAFEQI,STOCK,FPT,Công nghệ và thông tin,457405095540.0,3.37,15414551719.698,211600.0,15489120000.0,2026-08-01,LIVE
2026-09-26,2026-09-26,70,VCAMBF,BALANCED,ACB,Ngân hàng,158258537894.0,4.9,7754668356.806001,348500.0,7893525000.0,2026-08-01,LIVE
2026-09-26,2026-09-26,70,VCAMBF,BALANCED,MBB,Ngân hàng,158258537894.0,4.71,7453977134.8074,360313.0,7584588650.0,2026-08-01,LIVE
2026-09-26,2026-09-26,70,VCAMBF,BALANCED,STB,Ngân hàng,158258537894.0,4.22,6678510299.1268,90000.0,6795000000.0,2026-08-01,LIVE
2026-09-26,2026-09-26,70,VCAMBF,BALANCED,VPB,Ngân hàng,158258537894.0,3.02,4779407844.3988,175000.0,4865000000.0,2026-08-01,LIVE
2026-09-26,2026-09-26,70,VCAMBF,BALANCED,HPG,Vật liệu xây dựng,158258537894.0,2.97,4700278575.4518,216000.0,4773600000.0,2026-08-01,LIVE
2026-09-26,2026-09-26,70,VCAMBF,BALANCED,ABB,Ngân hàng,158258537894.0,2.79,4415413207.2426,259750.0,4493675000.0,2026-08-01,LIVE
2026-09-26,2026-09-26,70,VCAMBF,BALANCED,VCB,Ngân hàng,158258537894.0,2.61,4130547839.0333996,70000.0,4207000000.0,2026-08-01,LIVE
2026-09-26,2026-09-26,70,VCAMBF,BALANCED,TCB,Ngân hàng,158258537894.0,2.59,4098896131.4545994,125000.0,4175000000.0,2026-08-01,LIVE
2026-09-26,2026-09-26,70,VCAMBF,BALANCED,VIC,Bất động sản,158258537894.0,2.2,3481687833.6680007,15000.0,3540000000.0,2026-08-01,LIVE
2026-09-26,2026-09-26,70,VCAMBF,BALANCED,POW,Tiện ích,158258537894.0,2.03,3212648319.2481995,250000.0,3275000000.0,2026-08-01,LIVE
2026-09-26,2026-09-26,71,MAFBAL,BALANCED,VCB,Ngân hàng,317860577096.0,3.74,11887985583.3904,198350.0,11920835000.0,2026-08-01,LIVE
2026-09-26,2026-09-26,71,MAFBAL,BALANCED,MWG,Bán lẻ,317860577096.0,3.38,10743687505.844799,143500.0,10762500000.0,2026-08-01,LIVE
2026-09-26,2026-09-26,71,MAFBAL,BALANCED,VHM,Bất động sản,317860577096.0,3.11,9885463947.6856,136000.0,9928000000.0,2026-08-01,LIVE
2026-09-26,2026-09-26,71,MAFBAL,BALANCED,CTG,Ngân hàng,317860577096.0,2.68,8518663466.1728,266944.0,8528860800.0,2026-08-01,LIVE
2026-09-26,2026-09-26,71,MAFBAL,BALANCED,HDB,Ngân hàng,317860577096.0,2.24,7120076926.9504,257321.0,7153523800.0,2026-08-01,LIVE
2026-09-26,2026-09-26,71,MAFBAL,BALANCED,MBB,Ngân hàng,317860577096.0,2.24,7120076926.9504,339388.0,7144117400.0,2026-08-01,LIVE
2026-09-26,2026-09-26,71,MAFBAL,BALANCED,HPG,Vật liệu xây dựng,317860577096.0,2.09,6643286061.3064,301848.0,6670840800.0,2026-08-01,LIVE
2026-09-26,2026-09-26,87,BMFF,STOCK,ACB,Ngân hàng,553677063268.0,12.44,68877426670.5392,3050000.0,69082500000.0,2026-08-01,LIVE
2026-09-26,2026-09-26,87,BMFF,STOCK,TCB,Ngân hàng,553677063268.0,8.42,46619608727.165596,1400000.0,46760000000.0,2026-08-01,LIVE
2026-09-26,2026-09-26,87,BMFF,STOCK,VIB,Ngân hàng,553677063268.0,5.52,30562973892.3936,2050000.0,30647500000.0,2026-08-01,LIVE
2026-09-26,2026-09-26,87,BMFF,STOCK,TPB,Ngân hàng,553677063268.0,4.54,25136938672.367203,1720000.0,25198000000.0,2026-08-01,LIVE
2026-09-26,2026-09-26,87,BMFF,STOCK,CTG,Ngân hàng,553677063268.0,3.62,20043109690.3016,630000.0,20128500000.0,2026-08-01,LIVE
2026-09-26,2026-09-26,87,BMFF,STOCK,HPG,Vật liệu xây dựng,553677063268.0,3.58,19821638864.9944,900000.0,19890000000.0,2026-08-01,LIVE
2026-09-26,2026-09-26,87,BMFF,STOCK,PVT,Vận tải - Kho bãi,553677063268.0,3.18,17606930611.9224,875000.0,17675000000.0,2026-08-01,LIVE
2026-09-26,2026-09-26,87,BMFF,STOCK,QNS,Thực phẩm - Đồ uống,553677063268.0,3.11,17219356667.6348,365000.0,17264500000.0,2026-08-01,LIVE
2026-09-26,2026-09-26,87,BMFF,STOCK,TCI,Chứng khoán,553677063268.0,3.07,16997885842.3276,1750000.0,17062500000.0,2026-08-01,LIVE
2026-09-26,2026-09-26,81,ENF,BALANCED,VIC,Bất động sản,73255304919.0,2.51,1838708153.4668996,31200.0,7363200000.0,2026-08-01,LIVE
2026-09-26,2026-09-26,81,ENF,BALANCED,VHM,Bất động sản,73255304919.0,1.89,1384525262.9691,76100.0,5555300000.0,2026-08-01,LIVE
2026-09-26,2026-09-26,81,ENF,BALANCED,VCB,Ngân hàng,73255304919.0,1.56,1142782756.7364,76000.0,4567600000.0,2026-08-01,LIVE
2026-09-26,2026-09-26,81,ENF,BALANCED,STB,Ngân hàng,73255304919.0,0.94,688599866.2386,36500.0,2755750000.0,2026-08-01,LIVE
2026-09-26,2026-09-26,81,ENF,BALANCED,CTG,Ngân hàng,73255304919.0,0.66,483485012.4654,60371.0,1928853450.0,2026-08-01,LIVE
2026-09-26,2026-09-26,81,ENF,BALANCED,MBB,Ngân hàng,73255304919.0,0.63,461508420.9897,88300.0,1858715000.0,2026-08-01,LIVE
2026-09-26,2026-09-26,81,ENF,BALANCED,BID,Ngân hàng,73255304919.0,0.54,395578646.5626,43047.0,1586281950.0,2026-08-01,LIVE
2026-09-26,2026-09-26,81,ENF,BALANCED,VCI,Chứng khoán,73255304919.0,0.52,380927585.5788,66955.0,1529921750.0,2026-08-01,LIVE
2026-09-26,2026-09-26,81,ENF,BALANCED,HPG,Vật liệu xây dựng,73255304919.0,0.51,373602055.0869,67530.0,1492413000.0,2026-08-01,LIVE
2026-09-26,2026-09-26,81,ENF,BALANCED,ACB,Ngân hàng,73255304919.0,0.45,329648872.1355,58614.0,1327607100.0,2026-08-01,LIVE
2026-09-26,2026-09-26,47,MBVF,STOCK,ACB,Ngân hàng,256912082194.0,12.51,32139701482.4694,1500000.0,33975000000.0,2026-07-01,LIVE
2026-09-26,2026-09-26,47,MBVF,STOCK,TCB,Ngân hàng,256912082194.0,10.45,26847312589.273,850000.0,28390000000.0,2026-07-01,LIVE
2026-09-26,2026-09-26,47,MBVF,STOCK,VIB,Ngân hàng,256912082194.0,4.76,12229015112.434399,865000.0,12931750000.0,2026-07-01,LIVE
2026-09-26,2026-09-26,47,MBVF,STOCK,TPB,Ngân hàng,256912082194.0,4.75,12203323904.215,880000.0,12892000000.0,2026-07-01,LIVE
2026-09-26,2026-09-26,47,MBVF,STOCK,QTP,Tiện ích,256912082194.0,3.78,9711276706.933199,925000.0,10267500000.0,2026-07-01,LIVE
2026-09-26,2026-09-26,47,MBVF,STOCK,CTG,Ngân hàng,256912082194.0,3.71,9531438249.3974,315000.0,10064250000.0,2026-07-01,LIVE
2026-09-26,2026-09-26,47,MBVF,STOCK,HPG,Vật liệu xây dựng,256912082194.0,3.25,8349642671.305,400000.0,8840000000.0,2026-07-01,LIVE
2026-09-26,2026-09-26,47,MBVF,STOCK,TCI,Chứng khoán,256912082194.0,3.17,8144113005.5498,882500.0,8604375000.0,2026-07-01,LIVE
2026-09-26,2026-09-26,47,MBVF,STOCK,QNS,Thực phẩm - Đồ uống,256912082194.0,3.05,7835818506.917,175000.0,8277500000.0,2026-07-01,LIVE
2026-09-26,2026-09-26,62,HDBOND,BOND,HSG,Vật liệu xây dựng,54614090707.0,3.2,1747650902.6240003,161200.0,1757080000.0,2026-08-01,LIVE
2026-09-26,2026-09-26,62,HDBOND,BOND,VPB,Ngân hàng,54614090707.0,2.53,1381736494.8871,50000.0,1390000000.0,2026-08-01,LIVE
2026-09-26,2026-09-26,62,HDBOND,BOND,MBS,Chứng khoán,54614090707.0,2.25,1228817040.9075,69000.0,1235100000.0,2026-08-01,LIVE
2026-09-26,2026-09-26,35,MAGEF,STOCK,VIC,Bất động sản,592558860933.0,11.43,67729477804.64189,290000.0,68440000000.0,2026-08-01,LIVE
2026-09-26,2026-09-26,35,MAGEF,STOCK,HPG,Vật liệu xây dựng,592558860933.0,10.07,59670677295.9531,2730003.0,60333066300.0,2026-08-01,LIVE
2026-09-26,2026-09-26,35,MAGEF,STOCK,CTG,Ngân hàng,592558860933.0,5.24,31050084312.8892,981664.0,31364164800.0,2026-08-01,LIVE
2026-09-26,2026-09-26,35,MAGEF,STOCK,MBB,Ngân hàng,592558860933.0,4.97,29450175388.3701,1412594.0,29735103700.0,2026-08-01,LIVE
2026-09-26,2026-09-26,35,MAGEF,STOCK,TCB,Ngân hàng,592558860933.0,4.74,28087290008.224197,850000.0,28390000000.0,2026-08-01,LIVE
2026-09-26,2026-09-26,35,MAGEF,STOCK,MWG,Bán lẻ,592558860933.0,4.57,27079939944.6381,365300.0,27397500000.0,2026-08-01,LIVE
2026-09-26,2026-09-26,35,MAGEF,STOCK,VEA,"Sản xuất Thiết bị, máy móc",592558860933.0,4.54,26902172286.3582,773100.0,27213120000.0,2026-08-01,LIVE
2026-09-26,2026-09-26,35,MAGEF,STOCK,VPB,Ngân hàng,592558860933.0,4.41,26131845767.1453,950000.0,26410000000.0,2026-08-01,LIVE
2026-09-26,2026-09-26,35,MAGEF,STOCK,MSN,Thực phẩm - Đồ uống,592558860933.0,4.12,24413425070.439598,351500.0,24675300000.0,2026-08-01,LIVE
2026-09-26,2026-09-26,35,MAGEF,STOCK,VCB,Ngân hàng,592558860933.0,4.05,23998633867.7865,403289.0,24237668900.0,2026-08-01,LIVE
2026-09-26,2026-09-26,31,VCBF-TBF,BALANCED,MBB,Ngân hàng,829681830129.0,5.47,45383596108.0563,2167273.0,45621096650.0,2026-08-01,LIVE
2026-09-26,2026-09-26,31,VCBF-TBF,BALANCED,MWG,Bán lẻ,829681830129.0,3.9,32357591375.031002,434480.0,32586000000.0,2026-08-01,LIVE
2026-09-26,2026-09-26,31,VCBF-TBF,BALANCED,MSN,Thực phẩm - Đồ uống,829681830129.0,3.51,29121832237.5279,417000.0,29273400000.0,2026-08-01,LIVE
2026-09-26,2026-09-26,31,VCBF-TBF,BALANCED,CTG,Ngân hàng,829681830129.0,3.39,28126214041.3731,886394.0,28320288300.0,2026-08-01,LIVE
2026-09-26,2026-09-26,31,VCBF-TBF,BALANCED,HPG,Vật liệu xây dựng,829681830129.0,3.23,26798723113.1667,1217988.0,26917534800.0,2026-08-01,LIVE
2026-09-26,2026-09-26,31,VCBF-TBF,BALANCED,FPT,Công nghệ và thông tin,829681830129.0,3.05,25305295818.934498,348289.0,25494754800.0,2026-08-01,LIVE
2026-09-26,2026-09-26,31,VCBF-TBF,BALANCED,TCB,Ngân hàng,829681830129.0,2.56,21239854851.3024,640000.0,21376000000.0,2026-08-01,LIVE
2026-09-26,2026-09-26,77,MDI,BALANCED,VCB,Ngân hàng,135978168330.0,4.5,6119017574.85,102280.0,6147028000.0,2026-08-01,LIVE
2026-09-26,2026-09-26,77,MDI,BALANCED,MWG,Bán lẻ,135978168330.0,3.5,4759235891.55,63800.0,4785000000.0,2026-08-01,LIVE
2026-09-26,2026-09-26,77,MDI,BALANCED,VHM,Bất động sản,135978168330.0,3.47,4718442441.051001,65000.0,4745000000.0,2026-08-01,LIVE
2026-09-26,2026-09-26,77,MDI,BALANCED,VIC,Bất động sản,135978168330.0,2.59,3521834559.7469997,15000.0,3540000000.0,2026-08-01,LIVE
2026-09-26,2026-09-26,77,MDI,BALANCED,MBB,Ngân hàng,135978168330.0,2.31,3141095688.423,150210.0,3161920500.0,2026-08-01,LIVE
2026-09-26,2026-09-26,77,MDI,BALANCED,HDB,Ngân hàng,135978168330.0,2.25,3059508787.425,110445.0,3070371000.0,2026-08-01,LIVE
2026-09-26,2026-09-26,77,MDI,BALANCED,HPG,Vật liệu xây dựng,135978168330.0,2.21,3005117520.093,136380.0,3013998000.0,2026-08-01,LIVE
2026-09-26,2026-09-26,77,MDI,BALANCED,MSN,Thực phẩm - Đồ uống,135978168330.0,2.05,2787552450.765,40000.0,2808000000.0,2026-08-01,LIVE
2026-09-26,2026-09-26,77,MDI,BALANCED,DGW,Bán buôn,135978168330.0,1.83,2488400480.439,59300.0,2502460000.0,2026-08-01,LIVE
2026-09-26,2026-09-26,77,MDI,BALANCED,TCB,Ngân hàng,135978168330.0,1.82,2474802663.606,74400.0,2484960000.0,2026-08-01,LIVE
2026-09-26,2026-09-26,58,UVEEF,STOCK,VIC,Bất động sản,701839814925.0,20.3,142473482429.775,607400.0,143346400000.0,2026-08-01,LIVE
2026-09-26,2026-09-26,58,UVEEF,STOCK,VHM,Bất động sản,701839814925.0,6.68,46882899636.99,646000.0,47158000000.0,2026-08-01,LIVE
2026-09-26,2026-09-26,58,UVEEF,STOCK,VCB,Ngân hàng,701839814925.0,5.71,40075053432.2175,670262.0,40282746200.0,2026-08-01,LIVE
2026-09-26,2026-09-26,58,UVEEF,STOCK,MBB,Ngân hàng,701839814925.0,4.34,30459847967.745,1454180.0,30610489000.0,2026-08-01,LIVE
2026-09-26,2026-09-26,58,UVEEF,STOCK,HPG,Vật liệu xây dựng,701839814925.0,4.32,30319480004.76,1381636.0,30534155600.0,2026-08-01,LIVE
2026-09-26,2026-09-26,58,UVEEF,STOCK,CTG,Ngân hàng,701839814925.0,4.31,30249296023.267494,952103.0,30419690850.0,2026-08-01,LIVE
2026-09-26,2026-09-26,58,UVEEF,STOCK,TCB,Ngân hàng,701839814925.0,4.3,30179112041.775,908800.0,30353920000.0,2026-08-01,LIVE
2026-09-26,2026-09-26,58,UVEEF,STOCK,HDB,Ngân hàng,701839814925.0,3.69,25897889170.7325,937157.0,26052964600.0,2026-08-01,LIVE
2026-09-26,2026-09-26,58,UVEEF,STOCK,MWG,Bán lẻ,701839814925.0,3.44,24143289633.42,323500.0,24262500000.0,2026-08-01,LIVE
2026-09-26,2026-09-26,58,UVEEF,STOCK,STB,Ngân hàng,701839814925.0,2.87,20142802688.3475,268500.0,20271750000.0,2026-08-01,LIVE
2026-09-26,2026-09-26,90,SSI-EF,BALANCED,VIC,Bất động sản,90140782999.0,4.31,3885067747.2568994,16700.0,3941200000.0,2026-08-01,LIVE
2026-09-26,2026-09-26,90,SSI-EF,BALANCED,VCB,Ngân hàng,90140782999.0,3.88,3497462380.3612,59000.0,3545900000.0,2026-08-01,LIVE
2026-09-26,2026-09-26,90,SSI-EF,BALANCED,VHM,Bất động sản,90140782999.0,3.82,3443377910.5618,47800.0,3489400000.0,2026-08-01,LIVE
2026-09-26,2026-09-26,90,SSI-EF,BALANCED,VPB,Ngân hàng,90140782999.0,3.68,3317180814.3632,121100.0,3366580000.0,2026-08-01,LIVE
2026-09-26,2026-09-26,90,SSI-EF,BALANCED,HDB,Ngân hàng,90140782999.0,3.46,3118871091.7654,113848.0,3164974400.0,2026-08-01,LIVE
2026-09-26,2026-09-26,90,SSI-EF,BALANCED,MBB,Ngân hàng,90140782999.0,3.26,2938589525.7674,141565.0,2979943250.0,2026-08-01,LIVE
2026-09-26,2026-09-26,90,SSI-EF,BALANCED,TCB,Ngân hàng,90140782999.0,3.26,2938589525.7674,89200.0,2979280000.0,2026-08-01,LIVE
2026-09-26,2026-09-26,90,SSI-EF,BALANCED,HPG,Vật liệu xây dựng,90140782999.0,3.19,2875490977.6681,132000.0,2917200000.0,2026-08-01,LIVE
2026-09-26,2026-09-26,66,PHVSF,STOCK,VPB,Ngân hàng,162158035502.0,5.26,8529512667.4052,309800.0,8612440000.0,2026-08-01,LIVE
2026-09-26,2026-09-26,66,PHVSF,STOCK,CTG,Ngân hàng,162158035502.0,4.97,8059254364.449399,254700.0,8137665000.0,2026-08-01,LIVE
2026-09-26,2026-09-26,66,PHVSF,STOCK,HPG,Vật liệu xây dựng,162158035502.0,4.8,7783585704.096,355600.0,7858760000.0,2026-08-01,LIVE
2026-09-26,2026-09-26,66,PHVSF,STOCK,ACB,Ngân hàng,162158035502.0,4.79,7767369900.545799,346600.0,7850490000.0,2026-08-01,LIVE
2026-09-26,2026-09-26,66,PHVSF,STOCK,MBB,Ngân hàng,162158035502.0,4.75,7702506686.345,369666.0,7781469300.0,2026-08-01,LIVE
2026-09-26,2026-09-26,66,PHVSF,STOCK,VNM,Thực phẩm - Đồ uống,162158035502.0,4.32,7005227133.6864,113600.0,7077280000.0,2026-08-01,LIVE
2026-09-26,2026-09-26,66,PHVSF,STOCK,VCB,Ngân hàng,162158035502.0,4.31,6989011330.1362,117400.0,7055740000.0,2026-08-01,LIVE
2026-09-26,2026-09-26,66,PHVSF,STOCK,VHM,Bất động sản,162158035502.0,3.98,6453889812.9796,89200.0,6511600000.0,2026-08-01,LIVE
2026-09-26,2026-09-26,66,PHVSF,STOCK,MSN,Thực phẩm - Đồ uống,162158035502.0,3.95,6405242402.329,92100.0,6465420000.0,2026-08-01,LIVE
2026-09-26,2026-09-26,66,PHVSF,STOCK,TCB,Ngân hàng,162158035502.0,3.85,6243084366.827001,188900.0,6309260000.0,2026-08-01,LIVE
2026-09-26,2026-09-26,22,VIBF,BALANCED,VCB,Ngân hàng,1353916764555.0,5.01,67831229904.2055,1135000.0,68213500000.0,2026-08-01,LIVE
2026-09-26,2026-09-26,22,VIBF,BALANCED,HPG,Vật liệu xây dựng,1353916764555.0,3.74,50636486994.357,2303570.0,50908897000.0,2026-08-01,LIVE
2026-09-26,2026-09-26,22,VIBF,BALANCED,MBB,Ngân hàng,1353916764555.0,3.74,50636486994.357,2420842.0,50958724100.0,2026-08-01,LIVE
2026-09-26,2026-09-26,22,VIBF,BALANCED,TCB,Ngân hàng,1353916764555.0,2.64,35743402584.252,1077200.0,35978480000.0,2026-08-01,LIVE
2026-09-26,2026-09-26,22,VIBF,BALANCED,MWG,Bán lẻ,1353916764555.0,2.56,34660269172.608,465300.0,34897500000.0,2026-08-01,LIVE
2026-09-26,2026-09-26,22,VIBF,BALANCED,DGW,Bán buôn,1353916764555.0,2.41,32629394025.7755,776900.0,32785180000.0,2026-08-01,LIVE
2026-09-26,2026-09-26,76,LHCDF,STOCK,NAB,Ngân hàng,56282143990.0,16.48,9275297329.552,805874.0,9307844700.0,2026-08-01,LIVE
2026-09-26,2026-09-26,76,LHCDF,STOCK,DBD,Chăm sóc sức khỏe,56282143990.0,10.67,6005304763.733001,124900.0,6026425000.0,2026-08-01,LIVE
2026-09-26,2026-09-26,76,LHCDF,STOCK,MWG,Bán lẻ,56282143990.0,4.78,2690286482.722,36000.0,2700000000.0,2026-08-01,LIVE
2026-09-26,2026-09-26,76,LHCDF,STOCK,CTG,Ngân hàng,56282143990.0,4.7,2645260767.53,83086.0,2654597700.0,2026-08-01,LIVE
2026-09-26,2026-09-26,76,LHCDF,STOCK,HPG,Vật liệu xây dựng,56282143990.0,4.63,2605863266.737,118400.0,2616640000.0,2026-08-01,LIVE
2026-09-26,2026-09-26,76,LHCDF,STOCK,VIX,Chứng khoán,56282143990.0,4.19,2358221833.181,168000.0,2368800000.0,2026-08-01,LIVE
2026-09-26,2026-09-26,76,LHCDF,STOCK,KDH,Bất động sản,56282143990.0,3.88,2183747186.812,120511.0,2193300200.0,2026-08-01,LIVE
2026-09-26,2026-09-26,76,LHCDF,STOCK,HHS,Bán buôn,56282143990.0,3.77,2121836828.4229999,193000.0,2132650000.0,2026-08-01,LIVE
2026-09-26,2026-09-26,76,LHCDF,STOCK,MBB,Ngân hàng,56282143990.0,3.56,2003644326.044,95500.0,2010275000.0,2026-08-01,LIVE
2026-09-26,2026-09-26,76,LHCDF,STOCK,NTP,Sản xuất Nhựa - Hóa chất,56282143990.0,3.47,1952990396.453,39160.0,1961916000.0,2026-08-01,LIVE
2026-09-26,2026-09-26,82,VCBF-AIF,STOCK,MBB,Ngân hàng,495306117261.0,5.77,28579162965.959698,1364997.0,28733186850.0,2026-08-01,LIVE
2026-09-26,2026-09-26,82,VCBF-AIF,STOCK,VNM,Thực phẩm - Đồ uống,495306117261.0,5.75,28480101742.5075,459900.0,28651770000.0,2026-08-01,LIVE
2026-09-26,2026-09-26,82,VCBF-AIF,STOCK,ACB,Ngân hàng,495306117261.0,5.6,27737142566.615997,1231166.0,27885909900.0,2026-08-01,LIVE
2026-09-26,2026-09-26,82,VCBF-AIF,STOCK,TCB,Ngân hàng,495306117261.0,4.32,21397224265.6752,644800.0,21536320000.0,2026-08-01,LIVE
2026-09-26,2026-09-26,82,VCBF-AIF,STOCK,MWG,Bán lẻ,495306117261.0,4.1,20307550807.701,272300.0,20422500000.0,2026-08-01,LIVE
2026-09-26,2026-09-26,82,VCBF-AIF,STOCK,FPT,Công nghệ và thông tin,495306117261.0,4.05,20059897749.0705,275610.0,20174652000.0,2026-08-01,LIVE
2026-09-26,2026-09-26,82,VCBF-AIF,STOCK,CTG,Ngân hàng,495306117261.0,3.85,19069285514.5485,600106.0,19173386700.0,2026-08-01,LIVE
2026-09-26,2026-09-26,82,VCBF-AIF,STOCK,BWE,Tiện ích,495306117261.0,3.31,16394632481.3391,389200.0,16463160000.0,2026-08-01,LIVE
2026-09-26,2026-09-26,82,VCBF-AIF,STOCK,TLG,Sản xuất Phụ trợ,495306117261.0,3.15,15602142693.721498,296800.0,15671040000.0,2026-08-01,LIVE
2026-09-26,2026-09-26,82,VCBF-AIF,STOCK,HPG,Vật liệu xây dựng,495306117261.0,2.93,14512469235.7473,660040.0,14586884000.0,2026-08-01,LIVE
2026-09-26,2026-09-26,79,TCGF,STOCK,TCB,Ngân hàng,56768366044.0,14.23,8078138488.0612,250000.0,8350000000.0,2026-07-01,LIVE
2026-09-26,2026-09-26,79,TCGF,STOCK,CTG,Ngân hàng,56768366044.0,13.64,7743205128.4016,250418.0,8000855100.0,2026-07-01,LIVE
2026-09-26,2026-09-26,79,TCGF,STOCK,F88,Tài chính khác,56768366044.0,9.59,5444086303.6196,84200.0,5624560000.0,2026-07-01,LIVE
2026-09-26,2026-09-26,79,TCGF,STOCK,MWG,Bán lẻ,56768366044.0,8.95,5080768760.938,70000.0,5250000000.0,2026-07-01,LIVE
2026-09-26,2026-09-26,79,TCGF,STOCK,HPG,Vật liệu xây dựng,56768366044.0,8.29,4706097545.0476,220000.0,4862000000.0,2026-07-01,LIVE
2026-09-26,2026-09-26,79,TCGF,STOCK,ACB,Ngân hàng,56768366044.0,7.72,4382517858.5968,200000.0,4530000000.0,2026-07-01,LIVE
2026-09-26,2026-09-26,79,TCGF,STOCK,HDB,Ngân hàng,56768366044.0,7.11,4036230825.7284,150000.0,4170000000.0,2026-07-01,LIVE
2026-09-26,2026-09-26,79,TCGF,STOCK,BMP,Sản xuất Nhựa - Hóa chất,56768366044.0,6.17,3502608184.9147997,25000.0,3620000000.0,2026-07-01,LIVE
2026-09-26,2026-09-26,79,TCGF,STOCK,SHB,Ngân hàng,56768366044.0,4.16,2361564027.4304,200000.0,2440000000.0,2026-07-01,LIVE
2026-09-26,2026-09-26,79,TCGF,STOCK,TCX,Chứng khoán,56768366044.0,3.48,1975539138.3312,50000.0,2040000000.0,2026-07-01,LIVE
2026-09-26,2026-09-26,32,VCBF-BCF,STOCK,MBB,Ngân hàng,1676943232800.0,9.16,153608000124.48,7336383.0,154430862150.0,2026-08-01,LIVE
2026-09-26,2026-09-26,32,VCBF-BCF,STOCK,MWG,Bán lẻ,1676943232800.0,6.03,101119676937.84,1355440.0,101658000000.0,2026-08-01,LIVE
2026-09-26,2026-09-26,32,VCBF-BCF,STOCK,MSN,Thực phẩm - Đồ uống,1676943232800.0,5.85,98101179118.8,1406400.0,98729280000.0,2026-08-01,LIVE
2026-09-26,2026-09-26,32,VCBF-BCF,STOCK,CTG,Ngân hàng,1676943232800.0,5.74,96256541562.72,3030952.0,96838916400.0,2026-08-01,LIVE
2026-09-26,2026-09-26,32,VCBF-BCF,STOCK,HPG,Vật liệu xây dựng,1676943232800.0,5.73,96088847239.44,4371973.0,96620603300.0,2026-08-01,LIVE
2026-09-26,2026-09-26,32,VCBF-BCF,STOCK,FPT,Công nghệ và thông tin,1676943232800.0,5.08,85188716226.24,1171448.0,85749993600.0,2026-08-01,LIVE
2026-09-26,2026-09-26,32,VCBF-BCF,STOCK,ACB,Ngân hàng,1676943232800.0,4.28,71773170363.84,3185896.0,72160544400.0,2026-08-01,LIVE
2026-09-26,2026-09-26,32,VCBF-BCF,STOCK,TCB,Ngân hàng,1676943232800.0,4.16,69760838484.48,2101500.0,70190100000.0,2026-08-01,LIVE
2026-09-26,2026-09-26,32,VCBF-BCF,STOCK,VPB,Ngân hàng,1676943232800.0,3.59,60202262057.52,2176900.0,60517820000.0,2026-08-01,LIVE
2026-09-26,2026-09-26,32,VCBF-BCF,STOCK,BVH,Bảo hiểm,1676943232800.0,3.13,52488323186.64,823720.0,52718080000.0,2026-08-01,LIVE
2026-09-26,2026-09-26,29,DCAF,STOCK,VCB,Ngân hàng,167031567037.0,6.07,10138816119.1459,170000.0,10217000000.0,2026-08-01,LIVE
2026-09-26,2026-09-26,29,DCAF,STOCK,HDB,Ngân hàng,167031567037.0,5.76,9621018261.3312,348907.0,9699614600.0,2026-08-01,LIVE
2026-09-26,2026-09-26,29,DCAF,STOCK,MWG,Bán lẻ,167031567037.0,4.99,8334875195.1463,112000.0,8400000000.0,2026-08-01,LIVE
2026-09-26,2026-09-26,29,DCAF,STOCK,MBB,Ngân hàng,167031567037.0,4.85,8101031001.294499,388200.0,8171610000.0,2026-08-01,LIVE
2026-09-26,2026-09-26,29,DCAF,STOCK,SAB,Thực phẩm - Đồ uống,167031567037.0,4.82,8050921531.183401,178000.0,8116800000.0,2026-08-01,LIVE
2026-09-26,2026-09-26,29,DCAF,STOCK,GMD,Vận tải - Kho bãi,167031567037.0,4.49,7499717359.9613,95000.0,7552500000.0,2026-08-01,LIVE
2026-09-26,2026-09-26,29,DCAF,STOCK,STB,Ngân hàng,167031567037.0,4.35,7265873166.1095,97000.0,7323500000.0,2026-08-01,LIVE
2026-09-26,2026-09-26,29,DCAF,STOCK,VPB,Ngân hàng,167031567037.0,4.11,6864997405.2207,249000.0,6922200000.0,2026-08-01,LIVE
2026-09-26,2026-09-26,29,DCAF,STOCK,BSR,Sản xuất,167031567037.0,4.0,6681262681.48,253000.0,6729800000.0,2026-08-01,LIVE
2026-09-26,2026-09-26,29,DCAF,STOCK,VNM,Thực phẩm - Đồ uống,167031567037.0,3.96,6614450054.6652,107000.0,6666100000.0,2026-08-01,LIVE
2026-09-26,2026-09-26,41,TBLF,STOCK,DRI,Sản phẩm cao su,66515958281.0,4.98,3312494722.3938003,236200.0,3330420000.0,2026-08-01,LIVE
2026-09-26,2026-09-26,41,TBLF,STOCK,TLG,Sản xuất Phụ trợ,66515958281.0,4.81,3199417593.3160996,60900.0,3215520000.0,2026-08-01,LIVE
2026-09-26,2026-09-26,41,TBLF,STOCK,FMC,Chế biến thủy sản,66515958281.0,4.1,2727154289.521,80900.0,2742510000.0,2026-08-01,LIVE
2026-09-26,2026-09-26,41,TBLF,STOCK,VIP,Vận tải - Kho bãi,66515958281.0,4.09,2720502693.6928997,280000.0,2735600000.0,2026-08-01,LIVE
2026-09-26,2026-09-26,41,TBLF,STOCK,FPT,Công nghệ và thông tin,66515958281.0,3.28,2181723431.6168,30000.0,2196000000.0,2026-08-01,LIVE
2026-09-26,2026-09-26,41,TBLF,STOCK,MWG,Bán lẻ,66515958281.0,2.24,1489957465.4944,20000.0,1500000000.0,2026-08-01,LIVE
2026-09-26,2026-09-26,41,TBLF,STOCK,DPR,Sản xuất Nhựa - Hóa chất,66515958281.0,2.22,1476654273.8382,40000.0,1488000000.0,2026-08-01,LIVE
2026-09-26,2026-09-26,41,TBLF,STOCK,BWE,Tiện ích,66515958281.0,1.26,838101074.3406,20000.0,846000000.0,2026-08-01,LIVE
2026-09-26,2026-09-26,41,TBLF,STOCK,SIP,Tiện ích,66515958281.0,1.07,711720753.6067,14500.0,717025000.0,2026-08-01,LIVE
2026-09-26,2026-09-26,41,TBLF,STOCK,HPA,Thực phẩm - Đồ uống,66515958281.0,0.02,13303191.656200001,500.0,14050000.0,2026-08-01,LIVE
2026-09-26,2026-09-26,52,NTPPF,STOCK,MBB,Ngân hàng,28300000000.0,11.3,3197900000.0,,,2026-07-01,LIVE
2026-09-26,2026-09-26,52,NTPPF,STOCK,HCM,Chứng khoán,28300000000.0,6.3,1782900000.0,,,2026-07-01,LIVE
2026-09-26,2026-09-26,52,NTPPF,STOCK,FPT,Công nghệ và thông tin,28300000000.0,5.6,1584800000.0,,,2026-07-01,LIVE
2026-09-26,2026-09-26,52,NTPPF,STOCK,STB,Ngân hàng,28300000000.0,5.2,1471600000.0,,,2026-07-01,LIVE
2026-09-26,2026-09-26,52,NTPPF,STOCK,TCB,Ngân hàng,28300000000.0,4.6,1301799999.9999998,,,2026-07-01,LIVE
2026-09-26,2026-09-26,52,NTPPF,STOCK,HPG,Vật liệu xây dựng,28300000000.0,4.3,1216900000.0,,,2026-07-01,LIVE
2026-09-26,2026-09-26,52,NTPPF,STOCK,MWG,Bán lẻ,28300000000.0,4.1,1160299999.9999998,,,2026-07-01,LIVE
2026-09-26,2026-09-26,52,NTPPF,STOCK,GMD,Vận tải - Kho bãi,28300000000.0,4.0,1132000000.0,,,2026-07-01,LIVE
2026-09-26,2026-09-26,52,NTPPF,STOCK,MSN,Thực phẩm - Đồ uống,28300000000.0,4.0,1132000000.0,,,2026-07-01,LIVE
2026-09-26,2026-09-26,52,NTPPF,STOCK,CTD,Xây dựng,28300000000.0,4.0,1132000000.0,,,2026-07-01,LIVE
2026-09-26,2026-09-26,28,DCDS,STOCK,VIC,Bất động sản,6019866634140.0,10.53,633891956574.9419,2841300.0,670546800000.0,2026-08-01,LIVE
2026-09-26,2026-09-26,28,DCDS,STOCK,BID,Ngân hàng,6019866634140.0,7.67,461723770838.53796,13260121.0,488635458850.0,2026-08-01,LIVE
2026-09-26,2026-09-26,28,DCDS,STOCK,MWG,Bán lẻ,6019866634140.0,6.47,389485371228.858,5492300.0,411922500000.0,2026-08-01,LIVE
2026-09-26,2026-09-26,28,DCDS,STOCK,VHM,Bất động sản,6019866634140.0,5.84,351560211433.776,5093200.0,371803600000.0,2026-08-01,LIVE
2026-09-26,2026-09-26,28,DCDS,STOCK,VPB,Ngân hàng,6019866634140.0,4.71,283535718467.99396,10778550.0,299643690000.0,2026-08-01,LIVE
2026-09-26,2026-09-26,28,DCDS,STOCK,TCB,Ngân hàng,6019866634140.0,4.56,274505918516.784,8702000.0,290646800000.0,2026-08-01,LIVE
2026-09-26,2026-09-26,28,DCDS,STOCK,HPG,Vật liệu xây dựng,6019866634140.0,3.75,225744998780.25,10805378.0,238798853800.0,2026-08-01,LIVE
2026-09-26,2026-09-26,28,DCDS,STOCK,HDB,Ngân hàng,6019866634140.0,3.36,202267518907.10397,7696024.0,213949467200.0,2026-08-01,LIVE
2026-09-26,2026-09-26,28,DCDS,STOCK,FPT,Công nghệ và thông tin,6019866634140.0,2.94,176984079043.716,2560200.0,187406640000.0,2026-08-01,LIVE
2026-09-26,2026-09-26,28,DCDS,STOCK,MBB,Ngân hàng,6019866634140.0,2.81,169158252419.334,8512425.0,179186546250.0,2026-08-01,LIVE
2026-09-26,2026-09-26,75,VCAMDF,STOCK,PVS,Khai khoáng,33105802563.0,14.75,4883105878.0425,129000.0,5108400000.0,2026-08-01,LIVE
2026-09-26,2026-09-26,75,VCAMDF,STOCK,GVR,Sản xuất Nhựa - Hóa chất,33105802563.0,9.76,3231126330.1488,104500.0,3380575000.0,2026-08-01,LIVE
2026-09-26,2026-09-26,75,VCAMDF,STOCK,VNM,Thực phẩm - Đồ uống,33105802563.0,6.3,2085665561.4689999,35000.0,2180500000.0,2026-08-01,LIVE
2026-09-26,2026-09-26,75,VCAMDF,STOCK,TLG,Sản xuất Phụ trợ,33105802563.0,5.31,1757918116.0953,34800.0,1837440000.0,2026-08-01,LIVE
2026-09-26,2026-09-26,75,VCAMDF,STOCK,BVB,Ngân hàng,33105802563.0,4.63,1532798658.6669,133000.0,1602650000.0,2026-08-01,LIVE
2026-09-26,2026-09-26,75,VCAMDF,STOCK,TCB,Ngân hàng,33105802563.0,4.34,1436791831.2341998,45000.0,1503000000.0,2026-08-01,LIVE
2026-09-26,2026-09-26,75,VCAMDF,STOCK,VCB,Ngân hàng,33105802563.0,4.34,1436791831.2341998,25000.0,1502500000.0,2026-08-01,LIVE
2026-09-26,2026-09-26,75,VCAMDF,STOCK,VGI,Dịch vụ viễn thông,33105802563.0,4.34,1436791831.2341998,17000.0,1501100000.0,2026-08-01,LIVE
2026-09-26,2026-09-26,75,VCAMDF,STOCK,BID,Ngân hàng,33105802563.0,4.32,1430170670.7216,40600.0,1496110000.0,2026-08-01,LIVE
2026-09-26,2026-09-26,75,VCAMDF,STOCK,PHR,Sản xuất Nhựa - Hóa chất,33105802563.0,4.32,1430170670.7216,24250.0,1496225000.0,2026-08-01,LIVE
2026-09-26,2026-09-26,80,VDEF,STOCK,PHR,Sản xuất Nhựa - Hóa chất,401597564134.0,7.7,30923012438.318005,503600.0,31072120000.0,2026-08-01,LIVE
2026-09-26,2026-09-26,80,VDEF,STOCK,HDB,Ngân hàng,401597564134.0,7.53,30240296579.2902,1093660.0,30403748000.0,2026-08-01,LIVE
2026-09-26,2026-09-26,80,VDEF,STOCK,MBB,Ngân hàng,401597564134.0,6.45,25903042886.643,1237758.0,26054805900.0,2026-08-01,LIVE
2026-09-26,2026-09-26,80,VDEF,STOCK,VCB,Ngân hàng,401597564134.0,6.1,24497451412.174,409800.0,24628980000.0,2026-08-01,LIVE
2026-09-26,2026-09-26,80,VDEF,STOCK,CTG,Ngân hàng,401597564134.0,5.24,21043712360.6216,661944.0,21149110800.0,2026-08-01,LIVE
2026-09-26,2026-09-26,80,VDEF,STOCK,HPG,Vật liệu xây dựng,401597564134.0,4.94,19838919668.2196,902762.0,19951040200.0,2026-08-01,LIVE
2026-09-26,2026-09-26,80,VDEF,STOCK,STB,Ngân hàng,401597564134.0,4.64,18634126975.817596,248000.0,18724000000.0,2026-08-01,LIVE
2026-09-26,2026-09-26,80,VDEF,STOCK,PVI,Bảo hiểm,401597564134.0,4.6,18473487950.163998,281600.0,18585600000.0,2026-08-01,LIVE
2026-09-26,2026-09-26,80,VDEF,STOCK,DPR,Sản xuất Nhựa - Hóa chất,401597564134.0,4.46,17911251360.3764,484300.0,18015960000.0,2026-08-01,LIVE
2026-09-26,2026-09-26,80,VDEF,STOCK,REE,Thiết bị điện,401597564134.0,4.04,16224541591.013601,357597.0,16288543350.0,2026-08-01,LIVE
2026-09-26,2026-09-26,14,BVPF,STOCK,ACB,Ngân hàng,181465680226.0,8.96,16259324948.249601,719752.0,16302382800.0,2026-08-01,LIVE
2026-09-26,2026-09-26,14,BVPF,STOCK,FPT,Công nghệ và thông tin,181465680226.0,8.35,15152384298.870998,207520.0,15190464000.0,2026-08-01,LIVE
2026-09-26,2026-09-26,14,BVPF,STOCK,MBB,Ngân hàng,181465680226.0,7.29,13228848088.4754,629644.0,13254006200.0,2026-08-01,LIVE
2026-09-26,2026-09-26,14,BVPF,STOCK,QTP,Tiện ích,181465680226.0,6.1,11069406493.786,1000000.0,11100000000.0,2026-08-01,LIVE
2026-09-26,2026-09-26,14,BVPF,STOCK,TCB,Ngân hàng,181465680226.0,5.69,10325397204.8594,310000.0,10354000000.0,2026-08-01,LIVE
2026-09-26,2026-09-26,14,BVPF,STOCK,MWG,Bán lẻ,181465680226.0,4.78,8674059514.802801,116000.0,8700000000.0,2026-08-01,LIVE
2026-09-26,2026-09-26,14,BVPF,STOCK,CTG,Ngân hàng,181465680226.0,4.57,8292981586.3282,260510.0,8323294500.0,2026-08-01,LIVE
2026-09-26,2026-09-26,14,BVPF,STOCK,REE,Thiết bị điện,181465680226.0,4.32,7839317385.763201,172500.0,7857375000.0,2026-08-01,LIVE
2026-09-26,2026-09-26,14,BVPF,STOCK,VIB,Ngân hàng,181465680226.0,4.11,7458239457.288601,500000.0,7475000000.0,2026-08-01,LIVE
2026-09-26,2026-09-26,14,BVPF,STOCK,ND2,Xây dựng,181465680226.0,3.81,6913842416.6106,201674.0,6937585600.0,2026-08-01,LIVE
2026-09-26,2026-09-26,46,VCBF-MGF,STOCK,MBB,Ngân hàng,914749201082.0,8.04,73545835766.9928,3514266.0,73975299300.0,2026-08-01,LIVE
2026-09-26,2026-09-26,46,VCBF-MGF,STOCK,ACB,Ngân hàng,914749201082.0,5.99,54793477144.811806,2433258.0,55113293700.0,2026-08-01,LIVE
2026-09-26,2026-09-26,46,VCBF-MGF,STOCK,DGW,Bán buôn,914749201082.0,5.57,50951530500.2674,1214600.0,51256120000.0,2026-08-01,LIVE
2026-09-26,2026-09-26,46,VCBF-MGF,STOCK,FPT,Công nghệ và thông tin,914749201082.0,5.25,48024333056.805,659742.0,48293114400.0,2026-08-01,LIVE
2026-09-26,2026-09-26,46,VCBF-MGF,STOCK,MWG,Bán lẻ,914749201082.0,5.04,46103359734.53281,619000.0,46425000000.0,2026-08-01,LIVE
2026-09-26,2026-09-26,46,VCBF-MGF,STOCK,PNJ,Sản xuất Phụ trợ,914749201082.0,4.66,42627312770.4212,1019699.0,42929327900.0,2026-08-01,LIVE
2026-09-26,2026-09-26,46,VCBF-MGF,STOCK,CTD,Xây dựng,914749201082.0,4.56,41712563569.339195,668787.0,41999823600.0,2026-08-01,LIVE
2026-09-26,2026-09-26,46,VCBF-MGF,STOCK,BWE,Tiện ích,914749201082.0,4.22,38602416285.66039,918960.0,38872008000.0,2026-08-01,LIVE
2026-09-26,2026-09-26,46,VCBF-MGF,STOCK,BVH,Bảo hiểm,914749201082.0,4.19,38327991525.33581,602800.0,38579200000.0,2026-08-01,LIVE
2026-09-26,2026-09-26,46,VCBF-MGF,STOCK,PVS,Khai khoáng,914749201082.0,3.66,33479820759.6012,850774.0,33690650400.0,2026-08-01,LIVE
2026-09-26,2026-09-26,11,SSISCA,STOCK,VIC,Bất động sản,1325064325056.0,10.67,141384363483.4752,611200.0,144243200000.0,2026-08-01,LIVE
2026-09-26,2026-09-26,11,SSISCA,STOCK,VHM,Bất động sản,1325064325056.0,6.73,89176829076.26881,1246400.0,90987200000.0,2026-08-01,LIVE
2026-09-26,2026-09-26,11,SSISCA,STOCK,TCB,Ngân hàng,1325064325056.0,6.24,82684013883.4944,2526800.0,84395120000.0,2026-08-01,LIVE
2026-09-26,2026-09-26,11,SSISCA,STOCK,HDB,Ngân hàng,1325064325056.0,5.86,77648769448.2816,2850393.0,79240925400.0,2026-08-01,LIVE
2026-09-26,2026-09-26,11,SSISCA,STOCK,MWG,Bán lẻ,1325064325056.0,4.73,62675542575.14881,852000.0,63900000000.0,2026-08-01,LIVE
2026-09-26,2026-09-26,11,SSISCA,STOCK,HPG,Vật liệu xây dựng,1325064325056.0,4.67,61880503980.1152,2853585.0,63064228500.0,2026-08-01,LIVE
2026-09-26,2026-09-26,11,SSISCA,STOCK,VCB,Ngân hàng,1325064325056.0,4.64,61482984682.5984,1042761.0,62669936100.0,2026-08-01,LIVE
2026-09-26,2026-09-26,11,SSISCA,STOCK,CTG,Ngân hàng,1325064325056.0,4.41,58435336734.9696,1865944.0,59616910800.0,2026-08-01,LIVE
2026-09-26,2026-09-26,11,SSISCA,STOCK,MBB,Ngân hàng,1325064325056.0,4.41,58435336734.9696,2830091.0,59573415550.0,2026-08-01,LIVE
2026-09-26,2026-09-26,11,SSISCA,STOCK,VPB,Ngân hàng,1325064325056.0,4.21,55785208084.8576,2048100.0,56937180000.0,2026-08-01,LIVE
2026-09-26,2026-09-26,86,KDEF,STOCK,VIC,Bất động sản,124583520448.0,15.34,19111112036.7232,81300.0,19186800000.0,2026-08-01,LIVE
2026-09-26,2026-09-26,86,KDEF,STOCK,VHM,Bất động sản,124583520448.0,9.92,12358685228.441599,170000.0,12410000000.0,2026-08-01,LIVE
2026-09-26,2026-09-26,86,KDEF,STOCK,VCB,Ngân hàng,124583520448.0,5.76,7176010777.8048,120000.0,7212000000.0,2026-08-01,LIVE
2026-09-26,2026-09-26,86,KDEF,STOCK,TCB,Ngân hàng,124583520448.0,4.28,5332174675.1744,160300.0,5354020000.0,2026-08-01,LIVE
2026-09-26,2026-09-26,86,KDEF,STOCK,VPB,Ngân hàng,124583520448.0,4.13,5145299394.502399,186000.0,5170800000.0,2026-08-01,LIVE
2026-09-26,2026-09-26,86,KDEF,STOCK,MBB,Ngân hàng,124583520448.0,3.93,4896132353.6064005,233450.0,4914122500.0,2026-08-01,LIVE
2026-09-26,2026-09-26,86,KDEF,STOCK,CTG,Ngân hàng,124583520448.0,3.58,4460090032.038401,140000.0,4473000000.0,2026-08-01,LIVE
2026-09-26,2026-09-26,86,KDEF,STOCK,MWG,Bán lẻ,124583520448.0,3.0,3737505613.44,50000.0,3750000000.0,2026-08-01,LIVE
2026-09-26,2026-09-26,86,KDEF,STOCK,VNM,Thực phẩm - Đồ uống,124583520448.0,2.94,3662755501.1712,59000.0,3675700000.0,2026-08-01,LIVE
2026-09-26,2026-09-26,86,KDEF,STOCK,STB,Ngân hàng,124583520448.0,2.9,3612922092.992,48000.0,3624000000.0,2026-08-01,LIVE
2026-09-26,2026-09-26,49,VLGF,STOCK,MWG,Bán lẻ,4072765514648.0,12.23,498099222441.4504,6649800.0,498735000000.0,2026-08-01,LIVE
2026-09-26,2026-09-26,49,VLGF,STOCK,VCB,Ngân hàng,4072765514648.0,7.48,304642860495.6704,5073817.0,304936401700.0,2026-08-01,LIVE
2026-09-26,2026-09-26,49,VLGF,STOCK,CTG,Ngân hàng,4072765514648.0,7.21,293646393606.1208,9209742.0,294251256900.0,2026-08-01,LIVE
2026-09-26,2026-09-26,49,VLGF,STOCK,ACB,Ngân hàng,4072765514648.0,5.38,219114784688.06238,9688102.0,219435510300.0,2026-08-01,LIVE
2026-09-26,2026-09-26,49,VLGF,STOCK,VHM,Bất động sản,4072765514648.0,4.93,200787339872.1464,2755800.0,201173400000.0,2026-08-01,LIVE
2026-09-26,2026-09-26,49,VLGF,STOCK,TCB,Ngân hàng,4072765514648.0,4.84,197121850908.9632,5911000.0,197427400000.0,2026-08-01,LIVE
2026-09-26,2026-09-26,49,VLGF,STOCK,GMD,Vận tải - Kho bãi,4072765514648.0,4.81,195900021254.5688,2468133.0,196216573500.0,2026-08-01,LIVE
2026-09-26,2026-09-26,49,VLGF,STOCK,VCI,Chứng khoán,4072765514648.0,4.59,186939937122.3432,8191530.0,187176460500.0,2026-08-01,LIVE
2026-09-26,2026-09-26,49,VLGF,STOCK,FPT,Công nghệ và thông tin,4072765514648.0,4.41,179608959195.9768,2457507.0,179889512400.0,2026-08-01,LIVE
2026-09-26,2026-09-26,49,VLGF,STOCK,HDB,Ngân hàng,4072765514648.0,4.32,175943470232.79358,6340600.0,176268680000.0,2026-08-01,LIVE
2026-09-26,2026-09-26,92,GDEGF,STOCK,PHP,Vận tải - Kho bãi,44690736628.0,9.47,4232212758.6716003,90500.0,4253500000.0,2026-08-01,LIVE
2026-09-26,2026-09-26,92,GDEGF,STOCK,HPG,Vật liệu xây dựng,44690736628.0,8.66,3870217791.9848,176000.0,3889600000.0,2026-08-01,LIVE
2026-09-26,2026-09-26,92,GDEGF,STOCK,MBB,Ngân hàng,44690736628.0,6.04,2699320492.3312,128800.0,2711240000.0,2026-08-01,LIVE
2026-09-26,2026-09-26,92,GDEGF,STOCK,FPT,Công nghệ và thông tin,44690736628.0,4.73,2113871842.5044003,29000.0,2122800000.0,2026-08-01,LIVE
2026-09-26,2026-09-26,92,GDEGF,STOCK,MSN,Thực phẩm - Đồ uống,44690736628.0,4.69,2095995547.8532,30000.0,2106000000.0,2026-08-01,LIVE
2026-09-26,2026-09-26,92,GDEGF,STOCK,MWG,Bán lẻ,44690736628.0,4.34,1939577969.6552,26000.0,1950000000.0,2026-08-01,LIVE
2026-09-26,2026-09-26,92,GDEGF,STOCK,HHV,Xây dựng,44690736628.0,4.23,1890418159.3644004,189000.0,1899450000.0,2026-08-01,LIVE
2026-09-26,2026-09-26,92,GDEGF,STOCK,VNM,Thực phẩm - Đồ uống,44690736628.0,4.16,1859134643.7248,30000.0,1869000000.0,2026-08-01,LIVE
2026-09-26,2026-09-26,92,GDEGF,STOCK,CTG,Ngân hàng,44690736628.0,3.74,1671433549.8872,52600.0,1680570000.0,2026-08-01,LIVE
2026-09-26,2026-09-26,92,GDEGF,STOCK,PVD,Khai khoáng,44690736628.0,3.63,1622273739.5963998,85119.0,1630028850.0,2026-08-01,LIVE
2026-09-26,2026-09-26,83,RVPIF,STOCK,ACB,Ngân hàng,66375209002.0,6.45,4281200980.629,189896.0,4301144400.0,2026-08-01,LIVE
2026-09-26,2026-09-26,83,RVPIF,STOCK,CTG,Ngân hàng,66375209002.0,5.81,3856399643.0162,121245.0,3873777750.0,2026-08-01,LIVE
2026-09-26,2026-09-26,83,RVPIF,STOCK,MWG,Bán lẻ,66375209002.0,5.62,3730286745.9124,50000.0,3750000000.0,2026-08-01,LIVE
2026-09-26,2026-09-26,83,RVPIF,STOCK,VCB,Ngân hàng,66375209002.0,5.41,3590898807.0082,60000.0,3606000000.0,2026-08-01,LIVE
2026-09-26,2026-09-26,83,RVPIF,STOCK,KBC,Bất động sản,66375209002.0,4.93,3272297803.7985997,120000.0,3288000000.0,2026-08-01,LIVE
2026-09-26,2026-09-26,83,RVPIF,STOCK,KDH,Bất động sản,66375209002.0,4.91,3259022761.9982,180000.0,3276000000.0,2026-08-01,LIVE
2026-09-26,2026-09-26,83,RVPIF,STOCK,HPG,Vật liệu xây dựng,66375209002.0,4.81,3192647552.9962,145200.0,3208920000.0,2026-08-01,LIVE
2026-09-26,2026-09-26,83,RVPIF,STOCK,MSN,Thực phẩm - Đồ uống,66375209002.0,4.21,2794396298.9842,40000.0,2808000000.0,2026-08-01,LIVE
2026-09-26,2026-09-26,83,RVPIF,STOCK,PVS,Khai khoáng,66375209002.0,3.56,2362957440.4712,60000.0,2376000000.0,2026-08-01,LIVE
2026-09-26,2026-09-26,83,RVPIF,STOCK,GEL,Vật liệu xây dựng,66375209002.0,3.5,2323132315.07,80000.0,2332000000.0,2026-08-01,LIVE
2026-09-26,2026-09-26,38,VNDAF,STOCK,BID,Ngân hàng,297736232282.0,10.51,31292078012.8382,886360.0,32662366000.0,2026-08-01,LIVE
2026-09-26,2026-09-26,38,VNDAF,STOCK,VCB,Ngân hàng,297736232282.0,7.6,22627953653.431995,392908.0,23613770800.0,2026-08-01,LIVE
2026-09-26,2026-09-26,38,VNDAF,STOCK,FPT,Công nghệ và thông tin,297736232282.0,6.73,20037648432.5786,285400.0,20891280000.0,2026-08-01,LIVE
2026-09-26,2026-09-26,38,VNDAF,STOCK,VNM,Thực phẩm - Đồ uống,297736232282.0,6.68,19888780316.4376,332968.0,20743906400.0,2026-08-01,LIVE
2026-09-26,2026-09-26,38,VNDAF,STOCK,VHM,Bất động sản,297736232282.0,4.89,14559301758.5898,208000.0,15184000000.0,2026-08-01,LIVE
2026-09-26,2026-09-26,38,VNDAF,STOCK,TCB,Ngân hàng,297736232282.0,3.96,11790354798.367199,368000.0,12291200000.0,2026-08-01,LIVE
2026-09-26,2026-09-26,38,VNDAF,STOCK,MBB,Ngân hàng,297736232282.0,3.93,11701033928.6826,580516.0,12219861800.0,2026-08-01,LIVE
2026-09-26,2026-09-26,38,VNDAF,STOCK,NVL,Bất động sản,297736232282.0,3.8,11313976826.715998,905687.0,11819215350.0,2026-08-01,LIVE
2026-09-26,2026-09-26,38,VNDAF,STOCK,EIB,Ngân hàng,297736232282.0,3.67,10926919724.7494,658900.0,11398970000.0,2026-08-01,LIVE
2026-09-26,2026-09-26,38,VNDAF,STOCK,NLG,Bất động sản,297736232282.0,2.84,8455708996.8088,362800.0,8816040000.0,2026-08-01,LIVE
2026-09-26,2026-09-26,61,PBIF,BALANCED,MBB,Ngân hàng,29490078357.0,4.97,1465656894.3428998,70000.0,1473500000.0,2026-08-01,LIVE
2026-09-26,2026-09-26,61,PBIF,BALANCED,TCH,Bất động sản,29490078357.0,4.97,1465656894.3428998,110000.0,1474000000.0,2026-08-01,LIVE
2026-09-26,2026-09-26,61,PBIF,BALANCED,KDH,Bất động sản,29490078357.0,4.91,1447962847.3287,80000.0,1456000000.0,2026-08-01,LIVE
2026-09-26,2026-09-26,61,PBIF,BALANCED,VND,Chứng khoán,29490078357.0,4.78,1409625745.4646003,85000.0,1415250000.0,2026-08-01,LIVE
2026-09-26,2026-09-26,61,PBIF,BALANCED,CTD,Xây dựng,29490078357.0,4.66,1374237651.4362001,22000.0,1381600000.0,2026-08-01,LIVE
2026-09-26,2026-09-26,61,PBIF,BALANCED,BID,Ngân hàng,29490078357.0,4.35,1282818408.5295,35000.0,1289750000.0,2026-08-01,LIVE
2026-09-26,2026-09-26,61,PBIF,BALANCED,CTG,Ngân hàng,29490078357.0,4.31,1271022377.1866999,40000.0,1278000000.0,2026-08-01,LIVE
2026-09-26,2026-09-26,20,VEOF,STOCK,MBB,Ngân hàng,1627588624501.0,7.59,123533976599.6259,5889405.0,123971975250.0,2026-08-01,LIVE
2026-09-26,2026-09-26,20,VEOF,STOCK,CTG,Ngân hàng,1627588624501.0,6.67,108560161254.2167,3410480.0,108964836000.0,2026-08-01,LIVE
2026-09-26,2026-09-26,20,VEOF,STOCK,HPG,Vật liệu xây dựng,1627588624501.0,5.73,93260828183.9073,4238597.0,93672993700.0,2026-08-01,LIVE
2026-09-26,2026-09-26,20,VEOF,STOCK,MWG,Bán lẻ,1627588624501.0,5.54,90168409797.35541,1206140.0,90460500000.0,2026-08-01,LIVE
2026-09-26,2026-09-26,20,VEOF,STOCK,VCB,Ngân hàng,1627588624501.0,5.36,87238750273.2536,1457000.0,87565700000.0,2026-08-01,LIVE
2026-09-26,2026-09-26,20,VEOF,STOCK,HDB,Ngân hàng,1627588624501.0,4.71,76659424213.9971,2768881.0,76974891800.0,2026-08-01,LIVE
2026-09-26,2026-09-26,20,VEOF,STOCK,STB,Ngân hàng,1627588624501.0,4.7,76496665351.547,1016800.0,76768400000.0,2026-08-01,LIVE
2026-09-26,2026-09-26,20,VEOF,STOCK,PHR,Sản xuất Nhựa - Hóa chất,1627588624501.0,4.61,75031835589.49611,1220900.0,75329530000.0,2026-08-01,LIVE
2026-09-26,2026-09-26,20,VEOF,STOCK,FRT,Bán lẻ,1627588624501.0,4.44,72264934927.8444,497280.0,72553152000.0,2026-08-01,LIVE
2026-09-26,2026-09-26,20,VEOF,STOCK,TCB,Ngân hàng,1627588624501.0,3.94,64126991805.33939,1927400.0,64375160000.0,2026-08-01,LIVE
2026-09-26,2026-09-26,23,VESAF,STOCK,BVH,Bảo hiểm,2374805207389.0,6.91,164099039830.5799,2592970.0,165950080000.0,2026-08-01,LIVE
2026-09-26,2026-09-26,23,VESAF,STOCK,MWG,Bán lẻ,2374805207389.0,5.98,142013351401.8622,1913700.0,143527500000.0,2026-08-01,LIVE
2026-09-26,2026-09-26,23,VESAF,STOCK,MBB,Ngân hàng,2374805207389.0,5.97,141775870881.1233,6804550.0,143235777500.0,2026-08-01,LIVE
2026-09-26,2026-09-26,23,VESAF,STOCK,VCB,Ngân hàng,2374805207389.0,5.93,140825948798.1677,2366410.0,142221241000.0,2026-08-01,LIVE
2026-09-26,2026-09-26,23,VESAF,STOCK,HPG,Vật liệu xây dựng,2374805207389.0,5.8,137738702028.56198,6298030.0,139186463000.0,2026-08-01,LIVE
2026-09-26,2026-09-26,23,VESAF,STOCK,CTG,Ngân hàng,2374805207389.0,5.44,129189403281.96161,4089070.0,130645786500.0,2026-08-01,LIVE
2026-09-26,2026-09-26,23,VESAF,STOCK,TCB,Ngân hàng,2374805207389.0,4.68,111140883705.80519,3365770.0,112416718000.0,2026-08-01,LIVE
2026-09-26,2026-09-26,23,VESAF,STOCK,FPT,Công nghệ và thông tin,2374805207389.0,4.52,107341195373.98279,1482280.0,108502896000.0,2026-08-01,LIVE
2026-09-26,2026-09-26,23,VESAF,STOCK,CTR,Công nghệ và thông tin,2374805207389.0,4.02,95467169337.0378,1254400.0,96588800000.0,2026-08-01,LIVE
2026-09-26,2026-09-26,23,VESAF,STOCK,ACB,Ngân hàng,2374805207389.0,3.97,94279766733.3433,4202530.0,95187304500.0,2026-08-01,LIVE
2026-09-26,2026-09-26,68,VMEEF,STOCK,HPG,Vật liệu xây dựng,2163435238861.0,8.95,193627453878.05948,8816610.0,194847081000.0,2026-08-01,LIVE
2026-09-26,2026-09-26,68,VMEEF,STOCK,VCB,Ngân hàng,2163435238861.0,7.53,162906673486.2333,2728160.0,163962416000.0,2026-08-01,LIVE
2026-09-26,2026-09-26,68,VMEEF,STOCK,CTG,Ngân hàng,2163435238861.0,6.59,142570382240.9399,4490320.0,143465724000.0,2026-08-01,LIVE
2026-09-26,2026-09-26,68,VMEEF,STOCK,MBB,Ngân hàng,2163435238861.0,6.59,142570382240.9399,6822060.0,143604363000.0,2026-08-01,LIVE
2026-09-26,2026-09-26,68,VMEEF,STOCK,ACB,Ngân hàng,2163435238861.0,5.54,119854312232.8994,5327840.0,120675576000.0,2026-08-01,LIVE
2026-09-26,2026-09-26,68,VMEEF,STOCK,TCB,Ngân hàng,2163435238861.0,4.78,103412204417.5558,3117150.0,104112810000.0,2026-08-01,LIVE
2026-09-26,2026-09-26,68,VMEEF,STOCK,FPT,Công nghệ và thông tin,2163435238861.0,4.66,100816082130.92259,1386120.0,101463984000.0,2026-08-01,LIVE
2026-09-26,2026-09-26,68,VMEEF,STOCK,MWG,Bán lẻ,2163435238861.0,4.5,97354585748.745,1307630.0,98072250000.0,2026-08-01,LIVE
2026-09-26,2026-09-26,68,VMEEF,STOCK,TCX,Chứng khoán,2163435238861.0,4.04,87402783649.9844,2156810.0,87997848000.0,2026-08-01,LIVE
2026-09-26,2026-09-26,68,VMEEF,STOCK,NLG,Bất động sản,2163435238861.0,3.74,80912477933.40141,3352580.0,81467694000.0,2026-08-01,LIVE
2026-09-26,2026-09-26,25,DCDE,STOCK,VHM,Bất động sản,890971455438.0,7.2,64149944791.536,931800.0,68021400000.0,2026-08-01,LIVE
2026-09-26,2026-09-26,25,DCDE,STOCK,MWG,Bán lẻ,890971455438.0,6.37,56754881711.400604,801400.0,60105000000.0,2026-08-01,LIVE
2026-09-26,2026-09-26,25,DCDE,STOCK,BID,Ngân hàng,890971455438.0,5.43,48379750030.2834,1390541.0,51241435850.0,2026-08-01,LIVE
2026-09-26,2026-09-26,25,DCDE,STOCK,TCB,Ngân hàng,890971455438.0,4.77,42499338424.3926,1347000.0,44989800000.0,2026-08-01,LIVE
2026-09-26,2026-09-26,25,DCDE,STOCK,VPB,Ngân hàng,890971455438.0,4.1,36529829672.958,1392600.0,38714280000.0,2026-08-01,LIVE
2026-09-26,2026-09-26,25,DCDE,STOCK,VCB,Ngân hàng,890971455438.0,3.93,35015178198.7134,617800.0,37129780000.0,2026-08-01,LIVE
2026-09-26,2026-09-26,25,DCDE,STOCK,HPG,Vật liệu xây dựng,890971455438.0,3.77,33589623870.012604,1609030.0,35559563000.0,2026-08-01,LIVE
2026-09-26,2026-09-26,25,DCDE,STOCK,ACB,Ngân hàng,890971455438.0,3.44,30649418067.067196,1434084.0,32482002600.0,2026-08-01,LIVE
2026-09-26,2026-09-26,25,DCDE,STOCK,MBB,Ngân hàng,890971455438.0,3.38,30114835193.804398,1516885.0,31930429250.0,2026-08-01,LIVE
2026-09-26,2026-09-26,25,DCDE,STOCK,HDB,Ngân hàng,890971455438.0,3.22,28689280865.103603,1094924.0,30438887200.0,2026-08-01,LIVE
2026-09-26,2026-09-26,115,AEIF,STOCK,EVF,Tài chính khác,142215537676.0,17.41,24759725109.3916,2000000.0,24800000000.0,2026-08-01,LIVE
2026-09-26,2026-09-26,115,AEIF,STOCK,EIB,Ngân hàng,142215537676.0,17.0,24176641404.92,1400000.0,24220000000.0,2026-08-01,LIVE
2026-09-26,2026-09-26,115,AEIF,STOCK,PIV,Bất động sản,142215537676.0,3.81,5418411985.4556,835000.0,5427500000.0,2026-08-01,LIVE
2026-09-26,2026-09-26,115,AEIF,STOCK,VCB,Ngân hàng,142215537676.0,1.23,1749251113.4148002,29100.0,1748910000.0,2026-08-01,LIVE
2026-09-26,2026-09-26,115,AEIF,STOCK,VNM,Thực phẩm - Đồ uống,142215537676.0,1.14,1621257129.5063999,26100.0,1626030000.0,2026-08-01,LIVE
2026-09-26,2026-09-26,115,AEIF,STOCK,CTG,Ngân hàng,142215537676.0,1.08,1535927806.9008002,48100.0,1536795000.0,2026-08-01,LIVE
2026-09-26,2026-09-26,115,AEIF,STOCK,FPT,Công nghệ và thông tin,142215537676.0,0.91,1294161392.8516,17700.0,1295640000.0,2026-08-01,LIVE
2026-09-26,2026-09-26,115,AEIF,STOCK,TCB,Ngân hàng,142215537676.0,0.81,1151945855.1756,34600.0,1155640000.0,2026-08-01,LIVE
2026-09-26,2026-09-26,115,AEIF,STOCK,BID,Ngân hàng,142215537676.0,0.8,1137724301.408,30877.0,1137817450.0,2026-08-01,LIVE
2026-09-26,2026-09-26,115,AEIF,STOCK,MSN,Thực phẩm - Đồ uống,142215537676.0,0.8,1137724301.408,16250.0,1140750000.0,2026-08-01,LIVE
2026-09-26,2026-09-26,113,VBIF,BALANCED,BID,Ngân hàng,50936277989.0,0.01,5093627.7989,106.0,3906100.0,2026-08-01,LIVE
2026-09-26,2026-09-26,113,VBIF,BALANCED,VPB,Ngân hàng,50936277989.0,0.01,5093627.7989,100.0,2780000.0,2026-08-01,LIVE
2026-09-26,2026-09-26,97,LPLF,STOCK,MSN,Thực phẩm - Đồ uống,48699691774.0,8.08,3934935095.3392,60000.0,4212000000.0,2026-08-01,LIVE
2026-09-26,2026-09-26,97,LPLF,STOCK,BSR,Sản xuất,48699691774.0,6.63,3228789564.6162,130000.0,3458000000.0,2026-08-01,LIVE
2026-09-26,2026-09-26,97,LPLF,STOCK,FPT,Công nghệ và thông tin,48699691774.0,5.62,2736922677.6988,40000.0,2928000000.0,2026-08-01,LIVE
2026-09-26,2026-09-26,97,LPLF,STOCK,VIC,Bất động sản,48699691774.0,5.43,2644393263.3282,12000.0,2832000000.0,2026-08-01,LIVE
2026-09-26,2026-09-26,97,LPLF,STOCK,STB,Ngân hàng,48699691774.0,5.07,2469074372.9418,35000.0,2642500000.0,2026-08-01,LIVE
2026-09-26,2026-09-26,97,LPLF,STOCK,VHM,Bất động sản,48699691774.0,4.9,2386284896.926,35000.0,2555000000.0,2026-08-01,LIVE
2026-09-26,2026-09-26,97,LPLF,STOCK,PVT,Vận tải - Kho bãi,48699691774.0,4.65,2264535667.491,120000.0,2424000000.0,2026-08-01,LIVE
2026-09-26,2026-09-26,97,LPLF,STOCK,VCB,Ngân hàng,48699691774.0,4.61,2245055790.7814,40000.0,2404000000.0,2026-08-01,LIVE
2026-09-26,2026-09-26,97,LPLF,STOCK,VIB,Ngân hàng,48699691774.0,4.3,2094086746.2819998,150000.0,2242500000.0,2026-08-01,LIVE
2026-09-26,2026-09-26,97,LPLF,STOCK,HPG,Vật liệu xây dựng,48699691774.0,4.24,2064866931.2176,100000.0,2210000000.0,2026-08-01,LIVE
2026-09-26,2026-09-26,96,ABEF,STOCK,ABB,Ngân hàng,42033395347.0,5.96,2505190362.6812,145215.0,2512219500.0,2026-08-01,LIVE
2026-09-26,2026-09-26,96,ABEF,STOCK,TCB,Ngân hàng,42033395347.0,5.5,2311836744.085,69500.0,2321300000.0,2026-08-01,LIVE
2026-09-26,2026-09-26,96,ABEF,STOCK,VPB,Ngân hàng,42033395347.0,5.46,2295023385.9462,82800.0,2301840000.0,2026-08-01,LIVE
2026-09-26,2026-09-26,96,ABEF,STOCK,MBB,Ngân hàng,42033395347.0,5.06,2126889804.5582,101375.0,2133943750.0,2026-08-01,LIVE
2026-09-26,2026-09-26,96,ABEF,STOCK,VCB,Ngân hàng,42033395347.0,4.96,2084856409.2112,34800.0,2091480000.0,2026-08-01,LIVE
2026-09-26,2026-09-26,96,ABEF,STOCK,HPG,Vật liệu xây dựng,42033395347.0,4.87,2047026353.3989,92830.0,2051543000.0,2026-08-01,LIVE
2026-09-26,2026-09-26,96,ABEF,STOCK,FPT,Công nghệ và thông tin,42033395347.0,4.6,1933536185.962,26500.0,1939800000.0,2026-08-01,LIVE
2026-09-26,2026-09-26,96,ABEF,STOCK,SSI,Chứng khoán,42033395347.0,4.53,1904112809.2191,89520.0,1911252000.0,2026-08-01,LIVE
2026-09-26,2026-09-26,96,ABEF,STOCK,GMD,Vận tải - Kho bãi,42033395347.0,4.51,1895706130.1497,23900.0,1900050000.0,2026-08-01,LIVE
2026-09-26,2026-09-26,96,ABEF,STOCK,CTG,Ngân hàng,42033395347.0,4.39,1845266055.7333,57900.0,1849905000.0,2026-08-01,LIVE
