Ma_Co_Phieu,So_Luong_Quy,Tong_Gia_Tri_VND,Nganh,Tong_Gia_Tri_Quy_Nam_Giu_Ty_VND,Gia_Hien_Tai,P/E,ROE_%,Gia_Muc_Tieu,Upside_%,Rank_Money,Rank_Upside,Rank_ROE,PE_Clean,Rank_PE,Final_Score
ACB,13,643114956156.8496,Ngân hàng,643.1149561568496,23450,7.71,17.557676547510187,32250.0,37.52665245202559,87.93103448275862,96.55172413793103,60.3448275862069,7.71,89.65517241379311,88.01724137931035
FPT,15,1353969322405.2644,Công nghệ và thông tin,1353.9693224052644,99000,18.0,28.24776932933231,120500.0,21.71717171717172,94.82758620689656,84.48275862068965,98.27586206896551,18.0,36.206896551724135,83.27586206896552
MBB,22,1440856819900.6057,Ngân hàng,1440.8568199006056,27050,8.14,21.13845562147777,30030.0,11.016635859519408,98.27586206896551,62.06896551724138,77.58620689655173,8.14,84.48275862068965,83.27586206896551
CTG,22,1359876760073.6426,Ngân hàng,1359.8767600736426,38600,8.67,21.245088339351405,42890.0,11.1139896373057,96.55172413793103,63.793103448275865,79.3103448275862,8.67,81.03448275862068,82.67241379310344
TCB,16,662581288190.4523,Ngân hàng,662.5812881904523,34850,9.76,15.852912131549,41680.0,19.598278335724533,89.65517241379311,81.03448275862068,46.55172413793103,9.76,70.6896551724138,79.91379310344828
HPG,19,794283417500.9526,Vật liệu xây dựng,794.2834175009526,27550,13.69,12.62056476485151,34866.666666666664,26.557773744706587,93.10344827586206,89.65517241379311,34.48275862068966,13.69,48.275862068965516,79.48275862068965
VPB,6,343066358528.8766,Ngân hàng,343.0663585288766,27400,9.06,14.870724928054004,36355.555555555555,32.68450932684509,74.13793103448276,94.82758620689656,41.37931034482759,9.06,79.3103448275862,77.8448275862069
MWG,24,2352494157072.9805,Bán lẻ,2352.4941570729807,90200,18.82,23.0846731282442,99300.0,10.08869179600887,100.0,60.3448275862069,84.48275862068965,18.82,27.586206896551722,75.6896551724138
HDB,11,545261184332.99,Ngân hàng,545.26118433299,27550,8.36,25.277895469351837,26390.0,-4.2105263157894735,84.48275862068965,32.758620689655174,91.37931034482759,8.36,82.75862068965517,69.39655172413792
NLG,1,341603255330.9288,Bất động sản,341.6032553309288,28600,19.78,6.4389714752747125,41350.0,44.58041958041958,72.41379310344827,98.27586206896551,8.620689655172415,19.78,25.0,66.6810344827586
MSN,5,380625214704.8117,Thực phẩm - Đồ uống,380.6252147048117,79400,29.39,15.760061303707621,98220.0,23.702770780856422,75.86206896551724,87.93103448275862,44.827586206896555,29.39,10.344827586206897,66.55172413793103
BWE,1,43287670069.15,Tiện ích,43.28767006915,43650,9.68,17.415495947877183,51444.444444444445,17.856688303423702,55.172413793103445,79.3103448275862,58.620689655172406,9.68,74.13793103448276,65.60344827586206
KDH,1,219387427910.4792,Bất động sản,219.38742791047918,26600,28.36,8.043799644268596,41240.0,55.037593984962406,70.6896551724138,100.0,17.24137931034483,28.36,12.068965517241379,65.34482758620689
REE,3,173776766504.41248,Thiết bị điện,173.77676650441248,62100,13.31,13.32859664943613,72755.55555555556,17.158704598318135,67.24137931034483,77.58620689655173,37.93103448275862,13.31,50.0,64.82758620689656
QTP,2,22709542711.7031,Tiện ích,22.709542711703097,12800,5.48,19.114048418234173,14380.0,12.34375,46.55172413793103,68.96551724137932,72.41379310344827,5.48,100.0,63.87931034482759
GMD,6,500881408028.0835,Vận tải - Kho bãi,500.8814080280835,71100,18.08,15.536392727256157,76933.33333333333,8.204406938584146,82.75862068965517,56.896551724137936,43.103448275862064,18.08,33.62068965517241,63.663793103448285
PNJ,10,486111578390.94055,Sản xuất Phụ trợ,486.11157839094056,116200,14.01,23.067398291761293,112640.0,-3.06368330464716,81.03448275862068,34.48275862068966,82.75862068965517,14.01,46.55172413793103,62.068965517241374
NAB,1,10323713647.703001,Ngân hàng,10.323713647703,14100,5.78,19.58006802545922,16133.333333333334,14.420803782505914,36.206896551724135,75.86206896551724,75.86206896551724,5.78,98.27586206896551,61.37931034482758
VIB,2,24569890266.0704,Ngân hàng,24.5698902660704,17150,8.01,16.41480977721472,19260.0,12.303206997084548,50.0,67.24137931034483,50.0,8.01,86.20689655172413,60.603448275862064
VHM,6,605477965892.5201,Bất động sản,605.4779658925202,97600,9.75,17.971239248307178,74620.0,-23.545081967213115,86.20689655172413,13.793103448275861,63.793103448275865,9.75,72.41379310344827,60.172413793103445
VCB,4,218522572465.9178,Ngân hàng,218.5225724659178,68400,16.25,16.61302403338551,74060.0,8.274853801169591,68.96551724137932,58.620689655172406,53.44827586206896,16.25,41.37931034482759,60.172413793103445
PC1,1,30316515413.522594,Xây dựng,30.316515413522595,25650,10.05,16.451601283525694,27580.0,7.5243664717348935,51.724137931034484,53.44827586206896,51.724137931034484,10.05,67.24137931034483,54.56896551724138
BMP,1,7724725329.860001,Sản xuất Nhựa - Hóa chất,7.724725329860001,156600,10.43,44.047345534755536,178180.0,13.780332056194124,25.862068965517242,72.41379310344827,100.0,10.43,65.51724137931035,53.189655172413794
VNM,2,38889433135.614296,Thực phẩm - Đồ uống,38.8894331356143,69100,15.35,26.645722369999774,69000.0,-0.1447178002894356,53.44827586206896,37.93103448275862,93.10344827586206,15.35,44.827586206896555,51.46551724137931
SHB,1,10412652996.1496,Ngân hàng,10.4126529961496,15650,5.99,19.05381269799963,0.0,0.0,37.93103448275862,41.37931034482759,70.6896551724138,5.99,96.55172413793103,51.0344827586207
QNS,1,8625680362.976402,Thực phẩm - Đồ uống,8.625680362976402,48800,9.33,18.62363916109617,52480.0,7.540983606557377,32.758620689655174,55.172413793103445,68.96551724137932,9.33,75.86206896551724,49.56896551724138
SIP,1,2959089962.2236,Tiện ích,2.9590899622236,62500,11.16,28.013751658566203,75460.0,20.735999999999997,12.068965517241379,82.75862068965517,96.55172413793103,11.16,62.06896551724138,49.224137931034484
ACV,1,4122250318.7265,Vận tải - Kho bãi,4.1222503187265,54200,17.91,18.57458732087647,69777.77777777778,28.741287412874133,17.24137931034483,93.10344827586206,67.24137931034483,17.91,37.93103448275862,48.10344827586207
FMC,1,2521478066.4018,Chế biến thủy sản,2.5214780664018,37850,6.77,16.307803666026167,46370.0,22.50990752972259,6.896551724137931,86.20689655172413,48.275862068965516,6.77,94.82758620689656,48.017241379310335
PVS,4,163118272741.6033,Khai khoáng,163.1182727416033,45600,12.81,12.274581276300257,40950.0,-10.197368421052632,65.51724137931035,24.137931034482758,31.03448275862069,12.81,53.44827586206896,47.8448275862069
FRT,2,62442936218.0724,Bán lẻ,62.442936218072404,170000,36.42,27.118209130008907,162380.0,-4.482352941176471,62.06896551724138,31.03448275862069,94.82758620689656,36.42,6.896551724137931,47.758620689655174
PVT,1,12432693609.5987,Vận tải - Kho bãi,12.432693609598699,21750,9.83,12.16565436381016,22630.0,4.045977011494252,43.103448275862064,50.0,29.310344827586203,9.83,68.96551724137932,47.672413793103445
STB,8,467788637894.15967,Ngân hàng,467.78863789415965,62300,19.78,10.343386165586837,53811.11111111111,-13.62582486177992,79.3103448275862,17.24137931034483,25.862068965517242,19.78,25.0,47.19827586206896
NT2,1,6988561888.473,Tiện ích,6.988561888473,26750,7.7,22.419712366873686,28733.333333333332,7.414330218068531,20.689655172413794,51.724137931034484,81.03448275862068,7.7,91.37931034482759,46.63793103448276
DPR,1,8066608487.598299,Sản xuất Nhựa - Hóa chất,8.066608487598298,41300,11.35,11.069307068841022,47200.0,14.285714285714285,27.586206896551722,74.13793103448276,27.586206896551722,11.35,58.620689655172406,46.20689655172414
HT1,1,66462956367.9986,Vật liệu xây dựng,66.4629563679986,15550,21.68,5.49832744876267,15830.0,1.8006430868167203,63.793103448275865,44.827586206896555,3.4482758620689653,21.68,18.96551724137931,45.3448275862069
ND2,1,7199475152.025,Xây dựng,7.199475152024999,34200,7.98,24.240657336620558,0.0,0.0,22.413793103448278,41.37931034482759,87.93103448275862,7.98,87.93103448275862,44.48275862068966
VIC,4,721944770499.83,Bất động sản,721.9447704998299,130100,74.56,7.302219378802832,37516.666666666664,-71.16320778888036,91.37931034482759,1.7241379310344827,12.068965517241379,74.56,3.4482758620689653,43.36206896551723
BVH,5,427246640535.91406,Bảo hiểm,427.2466405359141,79500,19.82,12.456194557934564,50300.0,-36.72955974842767,77.58620689655173,5.172413793103448,32.758620689655174,19.82,22.413793103448278,43.103448275862064
PHR,1,11820783957.378,Sản xuất Nhựa - Hóa chất,11.820783957378,63100,16.65,13.016702072879943,65070.0,3.12202852614897,39.6551724137931,46.55172413793103,36.206896551724135,16.65,39.6551724137931,41.37931034482759
PVD,1,51031868159.5164,Khai khoáng,51.03186815951641,33550,18.08,6.302222438586336,30255.555555555555,-9.819506540818018,60.3448275862069,25.862068965517242,6.896551724137931,18.08,33.62068965517241,40.646551724137936
HCM,3,44029423679.1288,Chứng khoán,44.0294236791288,23150,21.21,9.433812344634312,20477.777777777777,-11.543076553875691,58.620689655172406,20.689655172413794,20.689655172413794,21.21,20.689655172413794,37.758620689655174
HSG,1,1948260204.0219998,Vật liệu xây dựng,1.9482602040219998,16150,16.01,5.567383395245341,20444.444444444445,26.590987272101827,5.172413793103448,91.37931034482759,5.172413793103448,16.01,43.103448275862064,36.72413793103448
CTD,1,2927768609.08,Xây dựng,2.92776860908,83800,11.42,8.64603244433128,94790.0,13.1145584725537,10.344827586206897,70.6896551724138,18.96551724137931,11.42,56.896551724137936,36.293103448275865
SSI,3,43860569502.535805,Chứng khoán,43.8605695025358,31000,18.81,13.946930503168028,20170.0,-34.935483870967744,56.896551724137936,6.896551724137931,39.6551724137931,18.81,29.310344827586203,36.03448275862069
FUEKIVFS,1,24090421279.291,Khác,24.090421279291,0,0.0,0.0,0.0,0.0,48.275862068965516,41.37931034482759,1.7241379310344827,999.0,1.7241379310344827,34.56896551724138
IJC,1,7506652758.5114,Bất động sản,7.5066527585114,10650,12.95,7.8675254565479165,11075.0,3.9906103286384975,24.137931034482758,48.275862068965516,13.793103448275861,12.95,51.724137931034484,34.48275862068966
LPB,1,8340747553.038201,Ngân hàng,8.3407475530382,41000,10.72,25.234245760452684,17650.0,-56.95121951219512,29.310344827586203,3.4482758620689653,89.65517241379311,10.72,63.793103448275865,32.75862068965517
BID,1,6834780015.36,Ngân hàng,6.83478001536,51500,12.07,19.14024086053497,46810.0,-9.106796116504855,18.96551724137931,27.586206896551722,74.13793103448276,12.07,55.172413793103445,32.5
ABB,1,3157799300.7602997,Ngân hàng,3.1577993007602996,13900,7.08,17.139232396800107,12350.0,-11.151079136690647,13.793103448275861,22.413793103448278,55.172413793103445,7.08,93.10344827586206,32.41379310344827
GAS,1,13036178159.1288,Tiện ích,13.036178159128799,112000,23.68,17.90936173727226,74800.0,-33.214285714285715,44.827586206896555,8.620689655172415,62.06896551724138,23.68,17.24137931034483,31.551724137931036
VTP,1,10307059560.774601,Vận tải - Kho bãi,10.3070595607746,110000,33.08,24.126256051309404,93988.88888888889,-14.555555555555555,34.48275862068966,15.517241379310345,86.20689655172413,33.08,8.620689655172415,30.086206896551726
VHC,1,1667092936.464,Chế biến thủy sản,1.667092936464,63500,9.1,17.17497588976358,63170.0,-0.5196850393700787,3.4482758620689653,36.206896551724135,56.896551724137936,9.1,77.58620689655173,29.741379310344826
TV2,1,2729864683.4598002,"Dịch vụ tư vấn, hỗ trợ",2.7298646834598004,37500,26.81,7.208617359240652,41820.0,11.52,8.620689655172415,65.51724137931035,10.344827586206897,26.81,15.517241379310345,26.896551724137932
VJC,1,12082311464.5584,Vận tải - Kho bãi,12.0823114645584,166500,46.41,10.164692938086814,112800.0,-32.25225225225225,41.37931034482759,10.344827586206897,22.413793103448278,46.41,5.172413793103448,24.74137931034483
PLX,2,8407284062.412901,Bán buôn,8.4072840624129,57400,27.05,10.336345979976464,42850.0,-25.348432055749132,31.03448275862069,12.068965517241379,24.137931034482758,27.05,13.793103448275861,22.06896551724138
TLG,1,1479544981.1118,Sản xuất Phụ trợ,1.4795449811118,52600,11.25,18.4572784248136,46450.0,-11.692015209125476,1.7241379310344827,18.96551724137931,65.51724137931035,11.25,60.3448275862069,22.06896551724138
POW,1,3702247456.0638,Tiện ích,3.7022474560638,14200,18.61,8.005281580705194,13114.285714285714,-7.645875251509058,15.517241379310345,29.310344827586203,15.517241379310345,18.61,31.03448275862069,21.982758620689655
