Ten_Quy,Ma_Co_Phieu,Ky_Truoc,Ky_Hien_Tai,Ty_Le_Truoc_pct,Ty_Le_Hien_Tai_pct,CP_Truoc,CP_Hien_Tai,Phuong_Phap,Dieu_Chinh_Chia_Tach,Thieu_Gia,Gia_Tri_Truoc_VND,Gia_Tri_Hien_Tai_VND,Dong_Tien_VND,Trang_Thai
SSISCA,CTG,2026-06-28,2026-08-01,4.51,4.41,,1865944.0,GIA_TRI_DIEU_CHINH_GIA,False,False,53271114785.499985,58435336734.9696,5164221949.469612,INCREASE
SSISCA,HDB,2026-06-28,2026-08-01,4.75,5.86,,2850393.0,GIA_TRI_DIEU_CHINH_GIA,False,False,59801527594.66217,77648769448.2816,17847241853.61943,INCREASE
SSISCA,HPG,2026-06-28,2026-08-01,6.44,4.67,,2853585.0,GIA_TRI_DIEU_CHINH_GIA,False,False,75462220981.10197,61880503980.1152,-13581717000.986778,DECREASE
SSISCA,MBB,2026-06-28,2026-08-01,4.35,4.41,,2830091.0,GIA_TRI_DIEU_CHINH_GIA,False,False,52191408878.67263,58435336734.9696,6243927856.296967,INCREASE
SSISCA,MWG,2026-06-28,2026-08-01,4.73,4.73,,852000.0,GIA_TRI_DIEU_CHINH_GIA,False,False,54277091314.189674,62675542575.14881,8398451260.959137,INCREASE
SSISCA,TCB,2026-06-28,2026-08-01,4.46,6.24,,2526800.0,GIA_TRI_DIEU_CHINH_GIA,False,False,49055623964.195885,82684013883.4944,33628389919.298515,INCREASE
SSISCA,VCB,2026-06-28,2026-08-01,5.07,4.64,,1042761.0,GIA_TRI_DIEU_CHINH_GIA,False,False,62656453974.9287,61482984682.5984,-1173469292.330307,DECREASE
SSISCA,VHM,2026-06-28,2026-08-01,7.92,6.73,,1246400.0,GIA_TRI_DIEU_CHINH_GIA,False,False,95409316050.14957,89176829076.26881,-6232486973.880753,DECREASE
SSISCA,VIC,2026-06-28,2026-08-01,10.28,10.67,,611200.0,GIA_TRI_DIEU_CHINH_GIA,False,False,122497374098.00006,141384363483.4752,18886989385.47513,INCREASE
SSISCA,VPB,2026-06-28,2026-08-01,4.35,4.21,,2048100.0,GIA_TRI_DIEU_CHINH_GIA,False,False,51176313194.69038,55785208084.8576,4608894890.167221,INCREASE
BVFED,ACB,2026-06-29,2026-08-01,5.9,5.76,,772395.0,GIA_TRI_DIEU_CHINH_GIA,False,False,16112473453.88315,17425840280.832,1313366826.9488506,INCREASE
BVFED,FPT,2026-06-29,2026-08-01,6.18,6.37,,264194.0,GIA_TRI_DIEU_CHINH_GIA,False,False,16820538942.971655,19271285171.684002,2450746228.712347,INCREASE
BVFED,HDB,2026-06-29,2026-08-01,4.82,5.02,,548337.0,GIA_TRI_DIEU_CHINH_GIA,False,False,13444029097.304008,15187103855.863998,1743074758.55999,INCREASE
BVFED,HPG,2026-06-29,2026-08-01,10.22,9.83,,1351152.0,GIA_TRI_DIEU_CHINH_GIA,False,False,26778179923.348778,29738890618.156002,2960710694.8072243,INCREASE
BVFED,LPB,2026-06-29,2026-08-01,3.47,3.16,,192200.0,GIA_TRI_DIEU_CHINH_GIA,False,False,9383686260.468018,9560009598.512001,176323338.04398346,UNCHANGED
BVFED,MBB,2026-06-29,2026-08-01,4.86,4.94,,713066.0,GIA_TRI_DIEU_CHINH_GIA,False,False,12938900040.541542,14945078296.408,2006178255.866459,INCREASE
BVFED,MWG,2026-06-29,2026-08-01,4.13,4.18,,169300.0,GIA_TRI_DIEU_CHINH_GIA,False,False,10597361976.636683,12645835481.575998,2048473504.9393158,INCREASE
BVFED,SHB,2026-06-29,2026-08-01,4.45,4.46,,1109516.0,GIA_TRI_DIEU_CHINH_GIA,False,False,10745348705.115568,13492924939.671999,2747576234.556431,INCREASE
BVFED,TCB,2026-06-29,2026-08-01,4.71,5.12,,466200.0,GIA_TRI_DIEU_CHINH_GIA,False,False,11520049511.13846,15489635805.184002,3969586294.045542,INCREASE
BVFED,VPB,2026-06-29,2026-08-01,5.4,5.71,,624055.0,GIA_TRI_DIEU_CHINH_GIA,False,False,14137731907.068512,17274574306.172,3136842399.103489,INCREASE
BVPF,ACB,2026-06-29,2026-08-01,9.02,8.96,,719752.0,GIA_TRI_DIEU_CHINH_GIA,False,False,15038005097.478172,16259324948.249601,1221319850.771429,INCREASE
BVPF,CTG,2026-06-29,2026-08-01,4.59,4.57,,260510.0,GIA_TRI_DIEU_CHINH_GIA,False,False,7382283538.924724,8292981586.3282,910698047.4034767,UNCHANGED
BVPF,FPT,2026-06-29,2026-08-01,7.97,8.35,,207520.0,GIA_TRI_DIEU_CHINH_GIA,False,False,13242904283.425695,15152384298.870998,1909480015.445303,INCREASE
BVPF,MBB,2026-06-29,2026-08-01,7.05,7.29,,629644.0,GIA_TRI_DIEU_CHINH_GIA,False,False,11458392441.38963,13228848088.4754,1770455647.0857716,INCREASE
BVPF,MWG,2026-06-29,2026-08-01,4.64,4.78,,116000.0,GIA_TRI_DIEU_CHINH_GIA,False,False,7268406109.373715,8674059514.802801,1405653405.4290857,INCREASE
BVPF,ND2,2026-06-29,2026-08-01,4.33,3.81,,201674.0,GIA_TRI_DIEU_CHINH_GIA,False,False,7653380714.92693,6913842416.6106,-739538298.31633,UNCHANGED
BVPF,QTP,2026-06-29,2026-08-01,6.35,6.1,,1000000.0,GIA_TRI_DIEU_CHINH_GIA,False,False,10684985112.329582,11069406493.786,384421381.4564171,UNCHANGED
BVPF,REE,2026-06-29,2026-08-01,4.59,4.32,,172500.0,GIA_TRI_DIEU_CHINH_GIA,False,False,7479070223.979582,7839317385.763201,360247161.7836189,UNCHANGED
BVPF,TCB,2026-06-29,2026-08-01,5.13,5.69,,310000.0,GIA_TRI_DIEU_CHINH_GIA,False,False,7659920999.39831,10325397204.8594,2665476205.46109,INCREASE
BVPF,VIB,2026-06-29,2026-08-01,4.15,4.11,,500000.0,GIA_TRI_DIEU_CHINH_GIA,False,False,6338597258.953535,7458239457.288601,1119642198.3350658,INCREASE
VEOF,CTG,2026-06-29,2026-08-01,7.28,6.67,,3410480.0,GIA_TRI_DIEU_CHINH_GIA,False,False,101991885002.9373,108560161254.2167,6568276251.279404,INCREASE
VEOF,FRT,2026-06-29,2026-08-01,4.05,4.44,,497280.0,GIA_TRI_DIEU_CHINH_GIA,False,False,64292409606.66938,72264934927.8444,7972525321.175026,INCREASE
VEOF,HDB,2026-06-29,2026-08-01,4.56,4.71,,2768881.0,GIA_TRI_DIEU_CHINH_GIA,False,False,67635847809.085045,76659424213.9971,9023576404.912056,INCREASE
VEOF,HPG,2026-06-29,2026-08-01,6.01,5.73,,4238597.0,GIA_TRI_DIEU_CHINH_GIA,False,False,83740263193.18605,93260828183.9073,9520564990.721252,INCREASE
VEOF,MBB,2026-06-29,2026-08-01,7.95,7.59,,5889405.0,GIA_TRI_DIEU_CHINH_GIA,False,False,112553215614.60081,123533976599.6259,10980760985.025085,INCREASE
VEOF,MWG,2026-06-29,2026-08-01,5.51,5.54,,1206140.0,GIA_TRI_DIEU_CHINH_GIA,False,False,75184619497.39343,90168409797.35541,14983790299.961975,INCREASE
VEOF,PHR,2026-06-29,2026-08-01,4.53,4.61,,1220900.0,GIA_TRI_DIEU_CHINH_GIA,False,False,63021118820.300026,75031835589.49611,12010716769.196083,INCREASE
VEOF,STB,2026-06-29,2026-08-01,4.74,4.7,,1016800.0,GIA_TRI_DIEU_CHINH_GIA,False,False,68519993734.46983,76496665351.547,7976671617.077164,INCREASE
VEOF,TCB,2026-06-29,2026-08-01,3.65,3.94,,1927400.0,GIA_TRI_DIEU_CHINH_GIA,False,False,47474018314.36322,64126991805.33939,16652973490.976173,INCREASE
VEOF,VCB,2026-06-29,2026-08-01,5.65,5.36,,1457000.0,GIA_TRI_DIEU_CHINH_GIA,False,False,82748932371.41689,87238750273.2536,4489817901.836716,INCREASE
VIBF,DGW,2026-06-28,2026-08-01,0.0,2.41,,776900.0,MUA_MOI,False,False,0.0,32785180000.0,32785180000.0,NEW_BUY
VIBF,HPG,2026-06-28,2026-08-01,4.53,3.74,,2303570.0,GIA_TRI_DIEU_CHINH_GIA,False,False,55303848895.10096,50636486994.357,-4667361900.7439575,DECREASE
VIBF,MBB,2026-06-28,2026-08-01,3.53,3.74,,2420842.0,GIA_TRI_DIEU_CHINH_GIA,False,False,44126340158.486435,50636486994.357,6510146835.870567,INCREASE
VIBF,MWG,2026-06-28,2026-08-01,2.42,2.56,,465300.0,GIA_TRI_DIEU_CHINH_GIA,False,False,28932384678.07435,34660269172.608,5727884494.533653,INCREASE
VIBF,TCB,2026-06-28,2026-08-01,0.0,2.64,,1077200.0,MUA_MOI,False,False,0.0,35978480000.0,35978480000.0,NEW_BUY
VIBF,VCB,2026-06-28,2026-08-01,4.65,5.01,,1135000.0,GIA_TRI_DIEU_CHINH_GIA,False,False,59872066136.82462,67831229904.2055,7959163767.380875,INCREASE
VESAF,ACB,2026-06-28,2026-08-01,3.81,3.97,,4202530.0,GIA_TRI_DIEU_CHINH_GIA,False,False,82177881096.96935,94279766733.3433,12101885636.373962,INCREASE
VESAF,BVH,2026-06-28,2026-08-01,7.21,6.91,,2592970.0,GIA_TRI_DIEU_CHINH_GIA,False,False,152129965417.40192,164099039830.5799,11969074413.177979,INCREASE
VESAF,CTG,2026-06-28,2026-08-01,5.9,5.44,,4089070.0,GIA_TRI_DIEU_CHINH_GIA,False,False,122238974700.8032,129189403281.96161,6950428581.1584015,INCREASE
VESAF,CTR,2026-06-28,2026-08-01,0.0,4.02,,1254400.0,CAN_TOP10,False,False,82260779737.68944,96588800000.0,14328020262.310562,ENTER_TOP10
VESAF,FPT,2026-06-28,2026-08-01,4.36,4.52,,1482280.0,GIA_TRI_DIEU_CHINH_GIA,False,False,91975051451.34145,107341195373.98279,15366143922.641342,INCREASE
VESAF,GMD,2026-06-28,2026-08-01,4.0,0.0,,,CAN_TOP10,False,False,93912228019.21973,93912228019.21973,0.0,LEFT_TOP10
VESAF,HPG,2026-06-28,2026-08-01,5.99,5.8,,6298030.0,GIA_TRI_DIEU_CHINH_GIA,False,False,123115570437.61032,137738702028.56198,14623131590.95166,INCREASE
VESAF,MBB,2026-06-28,2026-08-01,5.84,5.97,,6804550.0,GIA_TRI_DIEU_CHINH_GIA,False,False,122903727398.23474,141775870881.1233,18872143482.88855,INCREASE
VESAF,MWG,2026-06-28,2026-08-01,6.32,5.98,,1913700.0,GIA_TRI_DIEU_CHINH_GIA,False,False,127208153042.25002,142013351401.8622,14805198359.612198,INCREASE
VESAF,TCB,2026-06-28,2026-08-01,3.85,4.68,,3365770.0,GIA_TRI_DIEU_CHINH_GIA,False,False,74277472711.23428,111140883705.80519,36863410994.57091,INCREASE
VESAF,VCB,2026-06-28,2026-08-01,6.16,5.93,,2366410.0,GIA_TRI_DIEU_CHINH_GIA,False,False,133530664079.41624,140825948798.1677,7295284718.75145,INCREASE
DCDE,ACB,2026-06-28,2026-08-01,4.14,3.44,,1434084.0,GIA_TRI_DIEU_CHINH_GIA,False,False,33953886085.90026,30649418067.067196,-3304468018.833065,DECREASE
DCDE,BID,2026-06-28,2026-08-01,5.31,5.43,,1390541.0,GIA_TRI_DIEU_CHINH_GIA,False,False,41430375838.406235,48379750030.2834,6949374191.877167,INCREASE
DCDE,HDB,2026-06-28,2026-08-01,2.54,3.22,,1094924.0,GIA_TRI_DIEU_CHINH_GIA,False,False,21328190505.417603,28689280865.103603,7361090359.686001,INCREASE
DCDE,HPG,2026-06-28,2026-08-01,3.84,3.77,,1609030.0,GIA_TRI_DIEU_CHINH_GIA,False,False,30010730470.03441,33589623870.012604,3578893399.978195,INCREASE
DCDE,MBB,2026-06-28,2026-08-01,0.0,3.38,,1516885.0,CAN_TOP10,False,False,19845546860.563942,31930429250.0,12084882389.436058,ENTER_TOP10
DCDE,MWG,2026-06-28,2026-08-01,5.67,6.37,,801400.0,GIA_TRI_DIEU_CHINH_GIA,False,False,43395041740.40597,56754881711.400604,13359839970.994637,INCREASE
DCDE,STB,2026-06-28,2026-08-01,2.78,0.0,,,CAN_TOP10,False,False,22762518322.030773,22762518322.030773,0.0,LEFT_TOP10
DCDE,TCB,2026-06-28,2026-08-01,2.48,4.77,,1347000.0,GIA_TRI_DIEU_CHINH_GIA,False,False,18193122867.68085,42499338424.3926,24306215556.71175,INCREASE
DCDE,VCB,2026-06-28,2026-08-01,3.73,3.93,,617800.0,GIA_TRI_DIEU_CHINH_GIA,False,False,30744562069.449825,35015178198.7134,4270616129.2635765,INCREASE
DCDE,VHM,2026-06-28,2026-08-01,5.74,7.2,,931800.0,GIA_TRI_DIEU_CHINH_GIA,False,False,46118919061.49842,64149944791.536,18031025730.037582,INCREASE
DCDE,VPB,2026-06-28,2026-08-01,3.72,4.1,,1392600.0,GIA_TRI_DIEU_CHINH_GIA,False,False,29189341985.87459,36529829672.958,7340487687.083408,INCREASE
DCDS,ACB,2026-06-28,2026-08-01,3.46,0.0,,,CAN_TOP10,False,False,191894131431.3484,169158252419.334,-22735879012.014374,LEFT_TOP10
DCDS,BID,2026-06-28,2026-08-01,7.83,7.67,,13260121.0,GIA_TRI_DIEU_CHINH_GIA,False,False,413126032538.98804,461723770838.53796,48597738299.54993,INCREASE
DCDS,FPT,2026-06-28,2026-08-01,0.0,2.94,,2560200.0,CAN_TOP10,False,False,109569719700.1843,187406640000.0,77836920299.8157,ENTER_TOP10
DCDS,HDB,2026-06-28,2026-08-01,3.32,3.36,,7696024.0,GIA_TRI_DIEU_CHINH_GIA,False,False,188518869431.68274,202267518907.10397,13748649475.421234,INCREASE
DCDS,HPG,2026-06-28,2026-08-01,3.91,3.75,,10805378.0,GIA_TRI_DIEU_CHINH_GIA,False,False,206641976758.4104,225744998780.25,19103022021.8396,INCREASE
DCDS,MBB,2026-06-28,2026-08-01,0.0,2.81,,8512425.0,CAN_TOP10,False,False,109309827167.10533,179186546250.0,69876719082.89467,ENTER_TOP10
DCDS,MWG,2026-06-28,2026-08-01,6.17,6.47,,5492300.0,GIA_TRI_DIEU_CHINH_GIA,False,False,319329222689.3999,389485371228.858,70156148539.45807,INCREASE
DCDS,POW,2026-06-28,2026-08-01,2.02,0.0,,,CAN_TOP10,False,False,106237656286.41542,106237656286.41542,0.0,LEFT_TOP10
DCDS,TCB,2026-06-28,2026-08-01,2.46,4.56,,8702000.0,GIA_TRI_DIEU_CHINH_GIA,False,False,122035764757.64413,274505918516.784,152470153759.13986,INCREASE
DCDS,VHM,2026-06-28,2026-08-01,4.45,5.84,,5093200.0,GIA_TRI_DIEU_CHINH_GIA,False,False,241781844588.32367,351560211433.776,109778366845.45233,INCREASE
DCDS,VIC,2026-06-28,2026-08-01,10.08,10.53,,2841300.0,GIA_TRI_DIEU_CHINH_GIA,False,False,541741706093.4323,633891956574.9419,92150250481.50958,INCREASE
DCDS,VPB,2026-06-28,2026-08-01,3.2,4.71,,10778550.0,GIA_TRI_DIEU_CHINH_GIA,False,False,169796131541.6083,283535718467.99396,113739586926.38565,INCREASE
DCAF,BID,2026-06-28,2026-08-01,3.22,0.0,,,CAN_TOP10,False,False,4672660587.93006,4672660587.93006,0.0,LEFT_TOP10
DCAF,BMP,2026-06-28,2026-08-01,3.77,0.0,,,CAN_TOP10,False,False,5946063693.375759,5946063693.375759,0.0,LEFT_TOP10
DCAF,BSR,2026-06-28,2026-08-01,0.0,4.0,,253000.0,CAN_TOP10,False,False,5298580967.637747,6729800000.0,1431219032.3622532,ENTER_TOP10
DCAF,GMD,2026-06-28,2026-08-01,4.5,4.49,,95000.0,GIA_TRI_DIEU_CHINH_GIA,False,False,7471673085.473014,7499717359.9613,28044274.48828602,UNCHANGED
DCAF,HDB,2026-06-28,2026-08-01,4.48,5.76,,348907.0,GIA_TRI_DIEU_CHINH_GIA,False,False,6996523882.242218,9621018261.3312,2624494379.0889816,INCREASE
DCAF,HPG,2026-06-28,2026-08-01,3.39,0.0,,,CAN_TOP10,False,False,4927527452.595935,4927527452.595935,0.0,LEFT_TOP10
DCAF,MBB,2026-06-28,2026-08-01,0.0,4.85,,388200.0,CAN_TOP10,False,False,4792380296.274681,8171610000.0,3379229703.725319,ENTER_TOP10
DCAF,MWG,2026-06-28,2026-08-01,4.68,4.99,,112000.0,GIA_TRI_DIEU_CHINH_GIA,False,False,6661728315.066473,8334875195.1463,1673146880.0798273,INCREASE
DCAF,SAB,2026-06-28,2026-08-01,0.0,4.82,,178000.0,CAN_TOP10,False,False,4844649245.546523,8116800000.0,3272150754.453477,ENTER_TOP10
DCAF,STB,2026-06-28,2026-08-01,3.29,4.35,,97000.0,GIA_TRI_DIEU_CHINH_GIA,False,False,5010204153.889475,7265873166.1095,2255669012.220025,INCREASE
DCAF,VCB,2026-06-28,2026-08-01,6.2,6.07,,170000.0,GIA_TRI_DIEU_CHINH_GIA,False,False,9504629258.00393,10138816119.1459,634186861.1419716,UNCHANGED
DCAF,VNM,2026-06-28,2026-08-01,3.56,3.96,,107000.0,GIA_TRI_DIEU_CHINH_GIA,False,False,6061727072.730403,6614450054.6652,552722981.9347973,UNCHANGED
DCAF,VPB,2026-06-28,2026-08-01,3.34,4.11,,249000.0,GIA_TRI_DIEU_CHINH_GIA,False,False,4874295383.869213,6864997405.2207,1990702021.3514872,INCREASE
VCBF-TBF,CTG,2026-06-29,2026-08-01,3.49,3.39,,886394.0,GIA_TRI_DIEU_CHINH_GIA,False,False,24897035042.401,28126214041.3731,3229178998.9720993,INCREASE
VCBF-TBF,FPT,2026-06-29,2026-08-01,2.99,3.05,,348289.0,GIA_TRI_DIEU_CHINH_GIA,False,False,22036381104.12095,25305295818.934498,3268914714.813549,INCREASE
VCBF-TBF,HPG,2026-06-29,2026-08-01,3.24,3.23,,1217988.0,GIA_TRI_DIEU_CHINH_GIA,False,False,22987557269.778706,26798723113.1667,3811165843.387993,INCREASE
VCBF-TBF,MBB,2026-06-29,2026-08-01,5.42,5.47,,2167273.0,GIA_TRI_DIEU_CHINH_GIA,False,False,39073114458.44404,45383596108.0563,6310481649.612259,INCREASE
VCBF-TBF,MSN,2026-06-29,2026-08-01,3.52,3.51,,417000.0,GIA_TRI_DIEU_CHINH_GIA,False,False,24953305491.107395,29121832237.5279,4168526746.4205055,INCREASE
VCBF-TBF,MWG,2026-06-29,2026-08-01,3.88,3.9,,434480.0,GIA_TRI_DIEU_CHINH_GIA,False,False,26958585255.885357,32357591375.031002,5399006119.145645,INCREASE
VCBF-TBF,TCB,2026-06-29,2026-08-01,0.0,2.56,,640000.0,MUA_MOI,False,False,0.0,21376000000.0,21376000000.0,NEW_BUY
VCBF-BCF,ACB,2026-06-29,2026-08-01,4.52,4.28,,3185896.0,GIA_TRI_DIEU_CHINH_GIA,False,False,66084195531.462944,71773170363.84,5688974832.377052,INCREASE
VCBF-BCF,BVH,2026-06-29,2026-08-01,3.21,3.13,,823720.0,GIA_TRI_DIEU_CHINH_GIA,False,False,45444920480.045555,52488323186.64,7043402706.594444,INCREASE
VCBF-BCF,CTG,2026-06-29,2026-08-01,6.05,5.74,,3030952.0,GIA_TRI_DIEU_CHINH_GIA,False,False,85331404371.756,96256541562.72,10925137190.964005,INCREASE
VCBF-BCF,FPT,2026-06-29,2026-08-01,5.09,5.08,,1171448.0,GIA_TRI_DIEU_CHINH_GIA,False,False,74168275895.17068,85188716226.24,11020440331.06932,INCREASE
VCBF-BCF,HPG,2026-06-29,2026-08-01,5.66,5.73,,4371973.0,GIA_TRI_DIEU_CHINH_GIA,False,False,79395440058.74178,96088847239.44,16693407180.698227,INCREASE
VCBF-BCF,MBB,2026-06-29,2026-08-01,9.3,9.16,,7336383.0,GIA_TRI_DIEU_CHINH_GIA,False,False,132554051535.40215,153608000124.48,21053948589.077866,INCREASE
VCBF-BCF,MSN,2026-06-29,2026-08-01,6.03,5.85,,1406400.0,GIA_TRI_DIEU_CHINH_GIA,False,False,84515048908.28633,98101179118.8,13586130210.513672,INCREASE
VCBF-BCF,MWG,2026-06-29,2026-08-01,6.14,6.03,,1355440.0,GIA_TRI_DIEU_CHINH_GIA,False,False,84346109990.67543,101119676937.84,16773566947.164566,INCREASE
VCBF-BCF,TCB,2026-06-29,2026-08-01,3.94,4.16,,2101500.0,GIA_TRI_DIEU_CHINH_GIA,False,False,51591556409.8411,69760838484.48,18169282074.638893,INCREASE
VCBF-BCF,VPB,2026-06-29,2026-08-01,3.44,3.59,,2176900.0,GIA_TRI_DIEU_CHINH_GIA,False,False,48216245992.52228,60202262057.52,11986016064.997719,INCREASE
MAGEF,CTG,2026-07-02,2026-08-01,5.31,5.24,,981664.0,GIA_TRI_DIEU_CHINH_GIA,False,False,27044405282.90128,31050084312.8892,4005679029.987919,INCREASE
MAGEF,HPG,2026-07-02,2026-08-01,10.4,10.07,,2730003.0,GIA_TRI_DIEU_CHINH_GIA,False,False,53792041830.77823,59670677295.9531,5878635465.174873,INCREASE
MAGEF,MBB,2026-07-02,2026-08-01,5.24,4.97,,1412594.0,GIA_TRI_DIEU_CHINH_GIA,False,False,26663551540.424137,29450175388.3701,2786623847.945961,INCREASE
MAGEF,MSN,2026-07-02,2026-08-01,0.0,4.12,,351500.0,CAN_TOP10,False,False,20317796338.135002,24675300000.0,4357503661.864998,ENTER_TOP10
MAGEF,MWG,2026-07-02,2026-08-01,4.24,4.57,,365300.0,GIA_TRI_DIEU_CHINH_GIA,False,False,21063065911.450203,27079939944.6381,6016874033.187897,INCREASE
MAGEF,TCB,2026-07-02,2026-08-01,4.32,4.74,,850000.0,GIA_TRI_DIEU_CHINH_GIA,False,False,20606985030.093468,28087290008.224197,7480304978.13073,INCREASE
MAGEF,VCB,2026-07-02,2026-08-01,3.99,4.05,,403289.0,GIA_TRI_DIEU_CHINH_GIA,False,False,21428732791.686367,23998633867.7865,2569901076.100132,INCREASE
MAGEF,VEA,2026-07-02,2026-08-01,4.69,4.54,,773100.0,GIA_TRI_DIEU_CHINH_GIA,False,False,25564036888.38432,26902172286.3582,1338135397.9738808,INCREASE
MAGEF,VHM,2026-07-02,2026-08-01,4.68,0.0,,,CAN_TOP10,False,False,25703596152.443195,23998633867.7865,-1704962284.6566963,LEFT_TOP10
MAGEF,VIC,2026-07-02,2026-08-01,11.12,11.43,,290000.0,GIA_TRI_DIEU_CHINH_GIA,False,False,60276464524.15324,67729477804.64189,7453013280.488655,INCREASE
MAGEF,VPB,2026-07-02,2026-08-01,4.35,4.41,,950000.0,GIA_TRI_DIEU_CHINH_GIA,False,False,21722108691.851128,26131845767.1453,4409737075.294174,INCREASE
VNDAF,BID,2026-06-29,2026-08-01,2.72,10.51,,886360.0,GIA_TRI_DIEU_CHINH_GIA,False,False,7304573420.597677,31292078012.8382,23987504592.240524,INCREASE
VNDAF,EIB,2026-06-29,2026-08-01,1.8,3.67,,658900.0,GIA_TRI_DIEU_CHINH_GIA,False,False,4584659538.697914,10926919724.7494,6342260186.051485,INCREASE
VNDAF,FPT,2026-06-29,2026-08-01,3.95,6.73,,285400.0,GIA_TRI_DIEU_CHINH_GIA,False,False,11151463950.3744,20037648432.5786,8886184482.204203,INCREASE
VNDAF,HDB,2026-06-29,2026-08-01,3.55,0.0,,,CAN_TOP10,False,False,10270559809.28714,8455708996.8088,-1814850812.4783401,LEFT_TOP10
VNDAF,MBB,2026-06-29,2026-08-01,0.0,3.93,,580516.0,CAN_TOP10,False,False,4943078151.903133,12219861800.0,7276783648.096867,ENTER_TOP10
VNDAF,NLG,2026-06-29,2026-08-01,0.0,2.84,,362800.0,CAN_TOP10,False,False,4458481887.578616,8816040000.0,4357558112.421384,ENTER_TOP10
VNDAF,NVL,2026-06-29,2026-08-01,0.0,3.8,,905687.0,CAN_TOP10,False,False,5492091446.545704,11819215350.0,6327123903.454296,ENTER_TOP10
VNDAF,TCB,2026-06-29,2026-08-01,0.0,3.96,,368000.0,CAN_TOP10,False,False,4541191610.744955,12291200000.0,7750008389.255045,ENTER_TOP10
VNDAF,VCB,2026-06-29,2026-08-01,2.66,7.6,,392908.0,GIA_TRI_DIEU_CHINH_GIA,False,False,7598874210.335063,22627953653.431995,15029079443.096931,INCREASE
VNDAF,VHM,2026-06-29,2026-08-01,9.22,4.89,,208000.0,GIA_TRI_DIEU_CHINH_GIA,False,False,26909890285.546318,14559301758.5898,-12350588526.956518,DECREASE
VNDAF,VIB,2026-06-29,2026-08-01,6.47,0.0,,,CAN_TOP10,False,False,16790329264.957615,8455708996.8088,-8334620268.148815,LEFT_TOP10
VNDAF,VIC,2026-06-29,2026-08-01,8.58,0.0,,,CAN_TOP10,False,False,25051230462.758778,8455708996.8088,-16595521465.949978,LEFT_TOP10
VNDAF,VNM,2026-06-29,2026-08-01,1.79,6.68,,332968.0,GIA_TRI_DIEU_CHINH_GIA,False,False,5755623676.81055,19888780316.4376,14133156639.627048,INCREASE
VNDAF,VPB,2026-06-29,2026-08-01,2.63,0.0,,,CAN_TOP10,False,False,7142086207.706029,7142086207.706029,0.0,LEFT_TOP10
TBLF,BWE,2026-08-01,2026-09-01,1.26,1.37,20000.0,22857.0,SO_CO_PHIEU,False,False,816000000.0,932565600.0,116565600.0,UNCHANGED
TBLF,DPR,2026-08-01,2026-09-01,2.22,2.26,40000.0,40000.0,SO_CO_PHIEU,False,False,1544000000.0,1544000000.0,0.0,UNCHANGED
TBLF,DRI,2026-08-01,2026-09-01,4.98,2.67,236200.0,116200.0,SO_CO_PHIEU,False,False,3708340000.0,1824340000.0,-1884000000.0,DECREASE
TBLF,FMC,2026-08-01,2026-09-01,4.1,3.91,80900.0,80900.0,SO_CO_PHIEU,False,False,2669700000.0,2669700000.0,0.0,UNCHANGED
TBLF,FPT,2026-08-01,2026-09-01,3.28,2.03,30000.0,22000.0,SO_CO_PHIEU,False,False,1890000000.0,1386000000.0,-504000000.0,UNCHANGED
TBLF,HPA,2026-08-01,2026-09-01,0.02,0.0,500.0,,CAN_TOP10,False,False,12376332.288401255,12376332.288401255,0.0,LEFT_TOP10
TBLF,MWG,2026-08-01,2026-09-01,2.24,4.24,20000.0,40000.0,SO_CO_PHIEU,False,False,1448000000.0,2896000000.0,1448000000.0,INCREASE
TBLF,PNJ,2026-08-01,2026-09-01,0.0,0.97,,25000.0,CAN_TOP10,False,False,18066592.539549034,665000000.0,646933407.460451,ENTER_TOP10
TBLF,SIP,2026-08-01,2026-09-01,1.07,1.04,14500.0,14500.0,SO_CO_PHIEU,False,False,711950000.0,711950000.0,0.0,UNCHANGED
TBLF,TLG,2026-08-01,2026-09-01,4.81,3.87,60900.0,50000.0,SO_CO_PHIEU,False,False,3221610000.0,2645000000.0,-576610000.0,UNCHANGED
TBLF,VIP,2026-08-01,2026-09-01,4.09,4.05,280000.0,280000.0,SO_CO_PHIEU,False,False,2766400000.0,2766400000.0,0.0,UNCHANGED
VCBF-MGF,ACB,2026-06-29,2026-08-01,6.22,5.99,,2433258.0,GIA_TRI_DIEU_CHINH_GIA,False,False,50751627894.20076,54793477144.811806,4041849250.611046,INCREASE
VCBF-MGF,BVH,2026-06-29,2026-08-01,4.23,4.19,,602800.0,GIA_TRI_DIEU_CHINH_GIA,False,False,33421127905.572132,38327991525.33581,4906863619.763676,INCREASE
VCBF-MGF,BWE,2026-06-29,2026-08-01,4.65,4.22,,918960.0,GIA_TRI_DIEU_CHINH_GIA,False,False,39058869654.33196,38602416285.66039,-456453368.6715698,UNCHANGED
VCBF-MGF,CTD,2026-06-29,2026-08-01,4.76,4.56,,668787.0,GIA_TRI_DIEU_CHINH_GIA,False,False,34407668963.816475,41712563569.339195,7304894605.52272,INCREASE
VCBF-MGF,DGW,2026-06-29,2026-08-01,5.19,5.57,,1214600.0,GIA_TRI_DIEU_CHINH_GIA,False,False,40265544249.785675,50951530500.2674,10685986250.481728,INCREASE
VCBF-MGF,FPT,2026-06-29,2026-08-01,5.17,5.25,,659742.0,GIA_TRI_DIEU_CHINH_GIA,False,False,42042774077.89866,48024333056.805,5981558978.906342,INCREASE
VCBF-MGF,MBB,2026-06-29,2026-08-01,8.03,8.04,,3514266.0,GIA_TRI_DIEU_CHINH_GIA,False,False,63874280769.774284,73545835766.9928,9671554997.218513,INCREASE
VCBF-MGF,MWG,2026-06-29,2026-08-01,5.05,5.04,,619000.0,GIA_TRI_DIEU_CHINH_GIA,False,False,38715822008.58073,46103359734.53281,7387537725.95208,INCREASE
VCBF-MGF,PNJ,2026-06-29,2026-08-01,3.69,4.66,,1019699.0,GIA_TRI_DIEU_CHINH_GIA,False,False,15442654023.08906,42627312770.4212,27184658747.332146,INCREASE
VCBF-MGF,PVS,2026-06-29,2026-08-01,3.39,3.66,,850774.0,GIA_TRI_DIEU_CHINH_GIA,False,False,25617946102.507046,33479820759.6012,7861874657.094154,INCREASE
MBVF,ACB,2026-06-01,2026-07-01,12.73,12.51,,1500000.0,GIA_TRI_DIEU_CHINH_GIA,False,False,34528371966.68097,32139701482.4694,-2388670484.2115707,DECREASE
MBVF,CTG,2026-06-01,2026-07-01,4.0,3.71,,315000.0,GIA_TRI_DIEU_CHINH_GIA,False,False,10231867586.076529,9531438249.3974,-700429336.6791286,UNCHANGED
MBVF,HPG,2026-06-01,2026-07-01,3.36,3.25,,400000.0,GIA_TRI_DIEU_CHINH_GIA,False,False,8416888474.10796,8349642671.305,-67245802.80295944,UNCHANGED
MBVF,QNS,2026-06-01,2026-07-01,3.2,3.05,,175000.0,GIA_TRI_DIEU_CHINH_GIA,False,False,8480257637.462455,7835818506.917,-644439130.545455,UNCHANGED
MBVF,QTP,2026-06-01,2026-07-01,3.98,3.78,,925000.0,GIA_TRI_DIEU_CHINH_GIA,False,False,10054682523.465847,9711276706.933199,-343405816.5326481,UNCHANGED
MBVF,TCB,2026-06-01,2026-07-01,10.38,10.45,,850000.0,GIA_TRI_DIEU_CHINH_GIA,False,False,28274941660.543617,26847312589.273,-1427629071.2706184,DECREASE
MBVF,TCI,2026-06-01,2026-07-01,3.45,3.17,,882500.0,GIA_TRI_DIEU_CHINH_GIA,False,False,8096067109.658976,8144113005.5498,48045895.89082432,UNCHANGED
MBVF,TPB,2026-06-01,2026-07-01,4.81,4.75,,880000.0,GIA_TRI_DIEU_CHINH_GIA,False,False,13183926230.678404,12203323904.215,-980602326.4634037,UNCHANGED
MBVF,VIB,2026-06-01,2026-07-01,4.86,4.76,,865000.0,GIA_TRI_DIEU_CHINH_GIA,False,False,12873688908.747295,12229015112.434399,-644673796.3128967,UNCHANGED
VLGF,ACB,2026-06-28,2026-08-01,5.4,5.38,,9688102.0,GIA_TRI_DIEU_CHINH_GIA,False,False,204378598590.24805,219114784688.06238,14736186097.814331,INCREASE
VLGF,CTG,2026-06-28,2026-08-01,7.22,7.21,,9209742.0,GIA_TRI_DIEU_CHINH_GIA,False,False,262486261938.58893,293646393606.1208,31160131667.53186,INCREASE
VLGF,FPT,2026-06-28,2026-08-01,4.2,4.41,,2457507.0,GIA_TRI_DIEU_CHINH_GIA,False,False,155469261016.88992,179608959195.9768,24139698179.086884,INCREASE
VLGF,GMD,2026-06-28,2026-08-01,4.84,4.81,,2468133.0,GIA_TRI_DIEU_CHINH_GIA,False,False,199397270047.0832,195900021254.5688,-3497248792.5144043,DECREASE
VLGF,HDB,2026-06-28,2026-08-01,0.0,4.32,,6340600.0,CAN_TOP10,False,False,160037904872.44098,176268680000.0,16230775127.559021,ENTER_TOP10
VLGF,MWG,2026-06-28,2026-08-01,11.83,12.23,,6649800.0,GIA_TRI_DIEU_CHINH_GIA,False,False,417824889593.17554,498099222441.4504,80274332848.27484,INCREASE
VLGF,NLG,2026-06-28,2026-08-01,4.13,0.0,,,CAN_TOP10,False,False,135388984606.28323,135388984606.28323,0.0,LEFT_TOP10
VLGF,TCB,2026-06-28,2026-08-01,4.36,4.84,,5911000.0,GIA_TRI_DIEU_CHINH_GIA,False,False,147602791790.95825,197121850908.9632,49519059118.004944,INCREASE
VLGF,VCB,2026-06-28,2026-08-01,7.66,7.48,,5073817.0,GIA_TRI_DIEU_CHINH_GIA,False,False,291367266777.1134,304642860495.6704,13275593718.557007,INCREASE
VLGF,VCI,2026-06-28,2026-08-01,4.44,4.59,,8191530.0,GIA_TRI_DIEU_CHINH_GIA,False,False,153586652287.98132,186939937122.3432,33353284834.361877,INCREASE
VLGF,VHM,2026-06-28,2026-08-01,4.86,4.93,,2755800.0,GIA_TRI_DIEU_CHINH_GIA,False,False,180200506565.73163,200787339872.1464,20586833306.414764,INCREASE
NTPPF,CTD,2026-07-01,2026-07-01,4.4,4.0,,,GIA_TRI_DIEU_CHINH_GIA,False,False,1245200000.0000002,1132000000.0,-113200000.00000024,UNCHANGED
NTPPF,FPT,2026-07-01,2026-07-01,5.4,5.6,,,GIA_TRI_DIEU_CHINH_GIA,False,False,1528200000.0,1584800000.0,56600000.0,UNCHANGED
NTPPF,GMD,2026-07-01,2026-07-01,0.0,4.0,,,CAN_TOP10,False,False,1103700000.0,1132000000.0,28300000.0,ENTER_TOP10
NTPPF,HCM,2026-07-01,2026-07-01,6.6,6.3,,,GIA_TRI_DIEU_CHINH_GIA,False,False,1867800000.0,1782900000.0,-84900000.0,UNCHANGED
NTPPF,HPG,2026-07-01,2026-07-01,4.4,4.3,,,GIA_TRI_DIEU_CHINH_GIA,False,False,1245200000.0000002,1216900000.0,-28300000.00000024,UNCHANGED
NTPPF,MBB,2026-07-01,2026-07-01,11.5,11.3,,,GIA_TRI_DIEU_CHINH_GIA,False,False,3254500000.0,3197900000.0,-56600000.0,UNCHANGED
NTPPF,MSN,2026-07-01,2026-07-01,4.0,4.0,,,GIA_TRI_DIEU_CHINH_GIA,False,False,1132000000.0,1132000000.0,0.0,UNCHANGED
NTPPF,MWG,2026-07-01,2026-07-01,4.1,4.1,,,GIA_TRI_DIEU_CHINH_GIA,False,False,1160299999.9999998,1160299999.9999998,0.0,UNCHANGED
NTPPF,SSI,2026-07-01,2026-07-01,3.9,0.0,,,CAN_TOP10,False,False,1103700000.0,1103700000.0,0.0,LEFT_TOP10
NTPPF,STB,2026-07-01,2026-07-01,5.0,5.2,,,GIA_TRI_DIEU_CHINH_GIA,False,False,1415000000.0,1471600000.0,56600000.0,UNCHANGED
NTPPF,TCB,2026-07-01,2026-07-01,4.4,4.6,,,GIA_TRI_DIEU_CHINH_GIA,False,False,1245200000.0000002,1301799999.9999998,56599999.99999952,UNCHANGED
UVEEF,CTG,2026-06-29,2026-08-01,4.45,4.31,,952103.0,GIA_TRI_DIEU_CHINH_GIA,False,False,26961554907.900997,30249296023.267494,3287741115.366497,INCREASE
UVEEF,HDB,2026-06-29,2026-08-01,3.59,3.69,,937157.0,GIA_TRI_DIEU_CHINH_GIA,False,False,23028053457.253433,25897889170.7325,2869835713.479065,INCREASE
UVEEF,HPG,2026-06-29,2026-08-01,4.55,4.32,,1381636.0,GIA_TRI_DIEU_CHINH_GIA,False,False,27417126193.51395,30319480004.76,2902353811.246048,INCREASE
UVEEF,MBB,2026-06-29,2026-08-01,4.32,4.34,,1454180.0,GIA_TRI_DIEU_CHINH_GIA,False,False,26449971605.5496,30459847967.745,4009876362.1954,INCREASE
UVEEF,MWG,2026-06-29,2026-08-01,3.43,3.44,,323500.0,GIA_TRI_DIEU_CHINH_GIA,False,False,20240545462.86058,24143289633.42,3902744170.5594177,INCREASE
UVEEF,STB,2026-06-29,2026-08-01,3.23,2.87,,268500.0,GIA_TRI_DIEU_CHINH_GIA,False,False,20192597104.361847,20142802688.3475,-49794416.01434708,UNCHANGED
UVEEF,TCB,2026-06-29,2026-08-01,4.0,4.3,,908800.0,GIA_TRI_DIEU_CHINH_GIA,False,False,22499548577.191067,30179112041.775,7679563464.583935,INCREASE
UVEEF,VCB,2026-06-29,2026-08-01,5.3,5.71,,670262.0,GIA_TRI_DIEU_CHINH_GIA,False,False,33569162453.652206,40075053432.2175,6505890978.565292,INCREASE
UVEEF,VHM,2026-06-29,2026-08-01,7.26,6.68,,646000.0,GIA_TRI_DIEU_CHINH_GIA,False,False,46980176515.65438,46882899636.99,-97276878.66438293,UNCHANGED
UVEEF,VIC,2026-06-29,2026-08-01,18.12,20.3,,607400.0,GIA_TRI_DIEU_CHINH_GIA,False,False,117299722657.90767,142473482429.775,25173759771.867325,INCREASE
HDBOND,HSG,2026-08-01,2026-09-01,3.2,2.98,161200.0,161200.0,SO_CO_PHIEU,True,False,1789922616.82243,1612000000.0,-177922616.8224299,UNCHANGED
HDBOND,MBS,2026-08-01,2026-09-01,2.25,0.0,69000.0,,BAN_HET,False,False,1298761058.8276763,0.0,-1298761058.8276763,EXIT
HDBOND,VPB,2026-08-01,2026-09-01,2.53,2.73,50000.0,63020.0,SO_CO_PHIEU,True,False,1558145161.2903223,1474668000.0,-83477161.2903223,UNCHANGED
PHVSF,ACB,2026-08-01,2026-09-01,4.79,3.61,346600.0,220600.0,SO_CO_PHIEU,False,False,7313260000.0,4654660000.0,-2658600000.0,DECREASE
PHVSF,CTG,2026-08-01,2026-09-01,4.97,0.0,254700.0,,CAN_TOP10,False,False,8441506387.987012,4587832588.961,-3853673799.0260115,LEFT_TOP10
PHVSF,HDB,2026-08-01,2026-09-01,0.0,4.21,,197367.0,CAN_TOP10,False,False,5427592500.0,5427592500.0,0.0,ENTER_TOP10
PHVSF,HPG,2026-08-01,2026-09-01,4.8,0.0,355600.0,,CAN_TOP10,False,False,8003621935.483872,4587832588.961,-3415789346.522872,LEFT_TOP10
PHVSF,MBB,2026-08-01,2026-09-01,4.75,4.24,369666.0,278510.0,SO_CO_PHIEU,False,False,7263936900.0,5472721500.0,-1791215400.0,DECREASE
PHVSF,MSN,2026-08-01,2026-09-01,3.95,4.05,92100.0,75800.0,SO_CO_PHIEU,False,False,6354900000.0,5230200000.0,-1124700000.0,DECREASE
PHVSF,MWG,2026-08-01,2026-09-01,0.0,3.81,,67900.0,CAN_TOP10,False,False,4915960000.0,4915960000.0,0.0,ENTER_TOP10
PHVSF,TCB,2026-08-01,2026-09-01,3.85,3.58,188900.0,141800.0,SO_CO_PHIEU,False,False,6148695000.0,4615590000.0,-1533105000.0,DECREASE
PHVSF,VCB,2026-08-01,2026-09-01,4.31,4.18,117400.0,92900.0,SO_CO_PHIEU,False,False,6809200000.0,5388200000.0,-1421000000.0,DECREASE
PHVSF,VHM,2026-08-01,2026-09-01,3.98,4.21,89200.0,79400.0,SO_CO_PHIEU,False,False,6110200000.0,5438900000.0,-671300000.0,UNCHANGED
PHVSF,VNM,2026-08-01,2026-09-01,4.32,4.05,113600.0,88000.0,SO_CO_PHIEU,False,False,6747840000.0,5227200000.0,-1520640000.0,DECREASE
PHVSF,VPB,2026-08-01,2026-09-01,5.26,5.35,309800.0,294809.0,SO_CO_PHIEU,False,False,7249320000.0,6898530600.0,-350789400.0,UNCHANGED
VMEEF,ACB,2026-06-29,2026-08-01,5.59,5.54,,5327840.0,GIA_TRI_DIEU_CHINH_GIA,False,False,70678239628.0927,119854312232.8994,49176072604.8067,INCREASE
VMEEF,CTG,2026-06-29,2026-08-01,6.09,6.59,,4490320.0,GIA_TRI_DIEU_CHINH_GIA,False,False,74282336323.2752,142570382240.9399,68288045917.6647,INCREASE
VMEEF,FPT,2026-06-29,2026-08-01,4.01,4.66,,1386120.0,GIA_TRI_DIEU_CHINH_GIA,False,False,50531189000.87806,100816082130.92259,50284893130.04453,INCREASE
VMEEF,HPG,2026-06-29,2026-08-01,9.99,8.95,,8816610.0,GIA_TRI_DIEU_CHINH_GIA,False,False,121187928126.40538,193627453878.05948,72439525751.6541,INCREASE
VMEEF,MBB,2026-06-29,2026-08-01,6.38,6.59,,6822060.0,GIA_TRI_DIEU_CHINH_GIA,False,False,78640357688.26419,142570382240.9399,63930024552.67572,INCREASE
VMEEF,MWG,2026-06-29,2026-08-01,3.82,4.5,,1307630.0,GIA_TRI_DIEU_CHINH_GIA,False,False,45381076437.98594,97354585748.745,51973509310.759056,INCREASE
VMEEF,NLG,2026-06-29,2026-08-01,0.0,3.74,,3352580.0,CAN_TOP10,False,False,41580138678.2909,81467694000.0,39887555321.7091,ENTER_TOP10
VMEEF,REE,2026-06-29,2026-08-01,3.74,0.0,,,CAN_TOP10,False,False,46216468143.845276,46216468143.845276,0.0,LEFT_TOP10
VMEEF,TCB,2026-06-29,2026-08-01,4.33,4.78,,3117150.0,GIA_TRI_DIEU_CHINH_GIA,False,False,49032614122.24851,103412204417.5558,54379590295.30729,INCREASE
VMEEF,TCX,2026-06-29,2026-08-01,4.13,4.04,,2156810.0,GIA_TRI_DIEU_CHINH_GIA,False,False,50421553462.48871,87402783649.9844,36981230187.4957,INCREASE
VMEEF,VCB,2026-06-29,2026-08-01,7.42,7.53,,2728160.0,GIA_TRI_DIEU_CHINH_GIA,False,False,94613232282.84305,162906673486.2333,68293441203.39026,INCREASE
VCAMBF,ABB,2026-07-02,2026-08-01,2.91,2.79,,259750.0,GIA_TRI_DIEU_CHINH_GIA,False,False,4783971012.966062,4415413207.2426,-368557805.72346115,UNCHANGED
VCAMBF,ACB,2026-07-02,2026-08-01,4.91,4.9,,348500.0,GIA_TRI_DIEU_CHINH_GIA,False,False,7254979308.560455,7754668356.806001,499689048.2455454,UNCHANGED
VCAMBF,HPG,2026-07-02,2026-08-01,3.02,2.97,,216000.0,GIA_TRI_DIEU_CHINH_GIA,False,False,4279860335.5354424,4700278575.4518,420418239.916358,UNCHANGED
VCAMBF,LPB,2026-07-02,2026-08-01,2.33,0.0,,,CAN_TOP10,False,False,3540191337.021899,3212648319.2481995,-327543017.77369976,LEFT_TOP10
VCAMBF,MBB,2026-07-02,2026-08-01,4.54,4.71,,360313.0,GIA_TRI_DIEU_CHINH_GIA,False,False,6329662091.99942,7453977134.8074,1124315042.8079796,INCREASE
VCAMBF,POW,2026-07-02,2026-08-01,2.63,2.03,,250000.0,GIA_TRI_DIEU_CHINH_GIA,False,False,3668488533.8124614,3212648319.2481995,-455840214.5642619,UNCHANGED
VCAMBF,STB,2026-07-02,2026-08-01,4.13,4.22,,90000.0,GIA_TRI_DIEU_CHINH_GIA,False,False,6198430533.017957,6678510299.1268,480079766.10884285,UNCHANGED
VCAMBF,TCB,2026-07-02,2026-08-01,0.0,2.59,,125000.0,CAN_TOP10,False,False,2705446922.5196676,4175000000.0,1469553077.4803324,ENTER_TOP10
VCAMBF,VCB,2026-07-02,2026-08-01,2.67,2.61,,70000.0,GIA_TRI_DIEU_CHINH_GIA,False,False,3928916679.749884,4130547839.0333996,201631159.28351545,UNCHANGED
VCAMBF,VIC,2026-07-02,2026-08-01,2.07,2.2,,15000.0,GIA_TRI_DIEU_CHINH_GIA,False,False,3074335734.6549644,3481687833.6680007,407352099.01303625,UNCHANGED
VCAMBF,VPB,2026-07-02,2026-08-01,2.15,3.02,,175000.0,GIA_TRI_DIEU_CHINH_GIA,False,False,2941637472.456794,4779407844.3988,1837770371.942006,INCREASE
MAFBAL,CTG,2026-07-02,2026-08-01,2.6,2.68,,266944.0,GIA_TRI_DIEU_CHINH_GIA,False,False,7434277397.357607,8518663466.1728,1084386068.8151932,INCREASE
MAFBAL,HDB,2026-07-02,2026-08-01,2.05,2.24,,257321.0,GIA_TRI_DIEU_CHINH_GIA,False,False,6081295101.02621,7120076926.9504,1038781825.9241905,INCREASE
MAFBAL,HPG,2026-07-02,2026-08-01,2.07,2.09,,301848.0,GIA_TRI_DIEU_CHINH_GIA,False,False,6010872765.637008,6643286061.3064,632413295.6693926,UNCHANGED
MAFBAL,MBB,2026-07-02,2026-08-01,2.1,2.24,,339388.0,GIA_TRI_DIEU_CHINH_GIA,False,False,5999133182.818349,7120076926.9504,1120943744.1320515,INCREASE
MAFBAL,MWG,2026-07-02,2026-08-01,3.18,3.38,,143500.0,GIA_TRI_DIEU_CHINH_GIA,False,False,8868809975.033045,10743687505.844799,1874877530.8117542,INCREASE
MAFBAL,VCB,2026-07-02,2026-08-01,3.73,3.74,,198350.0,GIA_TRI_DIEU_CHINH_GIA,False,False,11246436230.587296,11887985583.3904,641549352.8031044,UNCHANGED
MAFBAL,VHM,2026-07-02,2026-08-01,3.56,3.11,,136000.0,GIA_TRI_DIEU_CHINH_GIA,False,False,10976920871.13829,9885463947.6856,-1091456923.4526901,DECREASE
MAFEQI,CTG,2026-07-02,2026-08-01,5.12,5.02,,722488.0,GIA_TRI_DIEU_CHINH_GIA,False,False,20222086187.679707,22961735796.107998,2739649608.4282913,INCREASE
MAFEQI,FPT,2026-07-02,2026-08-01,3.27,3.37,,211600.0,GIA_TRI_DIEU_CHINH_GIA,False,False,13090196369.862188,15414551719.698,2324355349.8358116,INCREASE
MAFEQI,HDB,2026-07-02,2026-08-01,4.35,4.53,,749467.0,GIA_TRI_DIEU_CHINH_GIA,False,False,17824692910.522736,20720450827.962,2895757917.439266,INCREASE
MAFEQI,HPG,2026-07-02,2026-08-01,4.83,4.65,,967200.0,GIA_TRI_DIEU_CHINH_GIA,False,False,19373357939.68583,21269336942.61,1895979002.9241714,INCREASE
MAFEQI,MBB,2026-07-02,2026-08-01,4.26,4.34,,946358.0,GIA_TRI_DIEU_CHINH_GIA,False,False,16810064890.777794,19851381146.435997,3041316255.658203,INCREASE
MAFEQI,MWG,2026-07-02,2026-08-01,4.45,6.1,,374000.0,GIA_TRI_DIEU_CHINH_GIA,False,False,17143078851.557087,27901710827.94,10758631976.382912,INCREASE
MAFEQI,TCB,2026-07-02,2026-08-01,3.22,3.51,,482600.0,GIA_TRI_DIEU_CHINH_GIA,False,False,11911313687.68546,16054918853.453999,4143605165.7685394,INCREASE
MAFEQI,VCB,2026-07-02,2026-08-01,8.87,8.49,,649250.0,GIA_TRI_DIEU_CHINH_GIA,False,False,36941990739.348755,38833692611.346,1891701871.9972458,INCREASE
MAFEQI,VHM,2026-07-02,2026-08-01,6.13,5.08,,320000.0,GIA_TRI_DIEU_CHINH_GIA,False,False,26108480214.960117,23236178853.432003,-2872301361.5281143,DECREASE
MAFEQI,VIC,2026-07-02,2026-08-01,10.6,12.07,,235000.0,GIA_TRI_DIEU_CHINH_GIA,False,False,44557614392.16948,55208795031.678,10651180639.508522,INCREASE
MDI,CTG,2026-07-02,2026-08-01,1.7,0.0,,,CAN_TOP10,False,False,2063734993.5124373,2063734993.5124373,0.0,LEFT_TOP10
MDI,DGW,2026-07-02,2026-08-01,1.62,1.83,,59300.0,GIA_TRI_DIEU_CHINH_GIA,False,False,1960798441.3792658,2488400480.439,527602039.05973434,UNCHANGED
MDI,FPT,2026-07-02,2026-08-01,1.69,0.0,,,CAN_TOP10,False,False,2079381253.887711,2079381253.887711,0.0,LEFT_TOP10
MDI,HDB,2026-07-02,2026-08-01,2.08,2.25,,110445.0,GIA_TRI_DIEU_CHINH_GIA,False,False,2619661305.6333475,3059508787.425,439847481.7916527,UNCHANGED
MDI,HPG,2026-07-02,2026-08-01,2.21,2.21,,136380.0,GIA_TRI_DIEU_CHINH_GIA,False,False,2724576812.873144,3005117520.093,280540707.2198558,UNCHANGED
MDI,MBB,2026-07-02,2026-08-01,2.2,2.31,,150210.0,GIA_TRI_DIEU_CHINH_GIA,False,False,2668280500.798074,3141095688.423,472815187.6249261,UNCHANGED
MDI,MSN,2026-07-02,2026-08-01,1.98,2.05,,40000.0,GIA_TRI_DIEU_CHINH_GIA,False,False,2403205945.282228,2787552450.765,384346505.4827719,UNCHANGED
MDI,MWG,2026-07-02,2026-08-01,3.34,3.5,,63800.0,GIA_TRI_DIEU_CHINH_GIA,False,False,3954797850.307115,4759235891.55,804438041.2428851,UNCHANGED
MDI,TCB,2026-07-02,2026-08-01,0.0,1.82,,74400.0,CAN_TOP10,False,False,1841907497.7946546,2484960000.0,643052502.2053454,ENTER_TOP10
MDI,VCB,2026-07-02,2026-08-01,4.54,4.5,,102280.0,GIA_TRI_DIEU_CHINH_GIA,False,False,5811677934.119872,6119017574.85,307339640.7301283,UNCHANGED
MDI,VHM,2026-07-02,2026-08-01,4.03,3.47,,65000.0,GIA_TRI_DIEU_CHINH_GIA,False,False,5275640269.133513,4718442441.051001,-557197828.0825129,UNCHANGED
MDI,VIC,2026-07-02,2026-08-01,0.0,2.59,,15000.0,CAN_TOP10,False,False,2093052350.5244823,3540000000.0,1446947649.4755177,ENTER_TOP10
VDEF,CTG,2026-06-28,2026-08-01,4.57,5.24,,661944.0,GIA_TRI_DIEU_CHINH_GIA,False,False,15938244311.512413,21043712360.6216,5105468049.109188,INCREASE
VDEF,DPR,2026-06-28,2026-08-01,4.56,4.46,,484300.0,GIA_TRI_DIEU_CHINH_GIA,False,False,15996754497.042723,17911251360.3764,1914496863.3336773,INCREASE
VDEF,HDB,2026-06-28,2026-08-01,8.27,7.53,,1093660.0,GIA_TRI_DIEU_CHINH_GIA,False,False,30742077575.20871,30240296579.2902,-501780995.91851044,UNCHANGED
VDEF,HPG,2026-06-28,2026-08-01,6.6,4.94,,902762.0,GIA_TRI_DIEU_CHINH_GIA,False,False,22834772415.885216,19838919668.2196,-2995852747.665615,DECREASE
VDEF,MBB,2026-06-28,2026-08-01,6.39,6.45,,1237758.0,GIA_TRI_DIEU_CHINH_GIA,False,False,22637041031.629402,25903042886.643,3266001855.0135994,INCREASE
VDEF,PHR,2026-06-28,2026-08-01,7.55,7.7,,503600.0,GIA_TRI_DIEU_CHINH_GIA,False,False,26427287445.894688,30923012438.318005,4495724992.423317,INCREASE
VDEF,PVI,2026-06-28,2026-08-01,4.53,4.6,,281600.0,GIA_TRI_DIEU_CHINH_GIA,False,False,16173481882.228895,18473487950.163998,2300006067.9351025,INCREASE
VDEF,REE,2026-06-28,2026-08-01,3.65,4.04,,357597.0,GIA_TRI_DIEU_CHINH_GIA,False,False,12925328660.995106,16224541591.013601,3299212930.0184956,INCREASE
VDEF,STB,2026-06-28,2026-08-01,4.67,4.64,,248000.0,GIA_TRI_DIEU_CHINH_GIA,False,False,16927772081.731373,18634126975.817596,1706354894.0862236,INCREASE
VDEF,VCB,2026-06-28,2026-08-01,6.41,6.1,,409800.0,GIA_TRI_DIEU_CHINH_GIA,False,False,23389714402.25867,24497451412.174,1107737009.915329,INCREASE
EVESG,VIC,,2026-08-01,,19.52,,,,,,,513548830207.66077,,NO_BASELINE
EVESG,VCB,,2026-08-01,,8.86,,,,,,,233096446497.94437,,NO_BASELINE
EVESG,VHM,,2026-08-01,,7.58,,,,,,,199421113369.5732,,NO_BASELINE
EVESG,BID,,2026-08-01,,3.99,,,,,,,104972327486.0946,,NO_BASELINE
EVESG,STB,,2026-08-01,,3.62,,,,,,,95238051503.6748,,NO_BASELINE
EVESG,CTG,,2026-08-01,,3.54,,,,,,,93133343183.1516,,NO_BASELINE
EVESG,MBB,,2026-08-01,,3.18,,,,,,,83662155740.79721,,NO_BASELINE
EVESG,TCB,,2026-08-01,,3.14,,,,,,,82609801580.5356,,NO_BASELINE
EVESG,VPB,,2026-08-01,,2.95,,,,,,,77611119319.29301,,NO_BASELINE
EVESG,HPG,,2026-08-01,,2.71,,,,,,,71296994357.7234,,NO_BASELINE
ENF,VIC,,2026-08-01,,2.51,,,,,,,1838708153.4668996,,NO_BASELINE
ENF,VHM,,2026-08-01,,1.89,,,,,,,1384525262.9691,,NO_BASELINE
ENF,VCB,,2026-08-01,,1.56,,,,,,,1142782756.7364,,NO_BASELINE
ENF,STB,,2026-08-01,,0.94,,,,,,,688599866.2386,,NO_BASELINE
ENF,CTG,,2026-08-01,,0.66,,,,,,,483485012.4654,,NO_BASELINE
ENF,MBB,,2026-08-01,,0.63,,,,,,,461508420.9897,,NO_BASELINE
ENF,BID,,2026-08-01,,0.54,,,,,,,395578646.5626,,NO_BASELINE
ENF,VCI,,2026-08-01,,0.52,,,,,,,380927585.5788,,NO_BASELINE
ENF,HPG,,2026-08-01,,0.51,,,,,,,373602055.0869,,NO_BASELINE
ENF,ACB,,2026-08-01,,0.45,,,,,,,329648872.1355,,NO_BASELINE
UVDIF,VIC,,2026-08-01,,5.44,,,,,,,7676110560.684801,,NO_BASELINE
BMFF,ACB,2026-08-01,2026-09-01,12.44,11.72,3050000.0,2980000.0,SO_CO_PHIEU,False,False,64355000000.0,62878000000.0,-1477000000.0,DECREASE
BMFF,CTG,2026-08-01,2026-09-01,3.62,3.35,630000.0,600000.0,SO_CO_PHIEU,False,False,18900000000.0,18000000000.0,-900000000.0,UNCHANGED
BMFF,HPG,2026-08-01,2026-09-01,3.58,3.38,900000.0,900000.0,SO_CO_PHIEU,False,False,18135000000.0,18135000000.0,0.0,UNCHANGED
BMFF,PVT,2026-08-01,2026-09-01,3.18,0.0,875000.0,,BAN_HET,False,False,19510109289.617485,0.0,-19510109289.617485,EXIT
BMFF,QNS,2026-08-01,2026-09-01,3.11,3.34,365000.0,350000.0,SO_CO_PHIEU,False,False,18688000000.0,17920000000.0,-768000000.0,UNCHANGED
BMFF,TCB,2026-08-01,2026-09-01,8.42,8.25,1400000.0,1360000.0,SO_CO_PHIEU,False,False,45570000000.0,44268000000.0,-1302000000.0,DECREASE
BMFF,TCI,2026-08-01,2026-09-01,3.07,3.23,1750000.0,1750000.0,SO_CO_PHIEU,False,False,17307500000.0,17307500000.0,0.0,UNCHANGED
BMFF,TPB,2026-08-01,2026-09-01,4.54,4.63,1720000.0,1720000.0,SO_CO_PHIEU,False,False,24854000000.0,24854000000.0,0.0,UNCHANGED
BMFF,VIB,2026-08-01,2026-09-01,5.52,5.58,2050000.0,2244750.0,SO_CO_PHIEU,True,False,31598629310.344826,29967412500.0,-1631216810.3448257,DECREASE
SSI-EF,VIC,,2026-08-01,,4.31,,,,,,,3885067747.2568994,,NO_BASELINE
SSI-EF,VCB,,2026-08-01,,3.88,,,,,,,3497462380.3612,,NO_BASELINE
SSI-EF,VHM,,2026-08-01,,3.82,,,,,,,3443377910.5618,,NO_BASELINE
SSI-EF,VPB,,2026-08-01,,3.68,,,,,,,3317180814.3632,,NO_BASELINE
SSI-EF,HDB,,2026-08-01,,3.46,,,,,,,3118871091.7654,,NO_BASELINE
SSI-EF,MBB,,2026-08-01,,3.26,,,,,,,2938589525.7674,,NO_BASELINE
SSI-EF,TCB,,2026-08-01,,3.26,,,,,,,2938589525.7674,,NO_BASELINE
SSI-EF,HPG,,2026-08-01,,3.19,,,,,,,2875490977.6681,,NO_BASELINE
VCBF-AIF,MBB,,2026-08-01,,5.77,,,,,,,28579162965.959698,,NO_BASELINE
VCBF-AIF,VNM,,2026-08-01,,5.75,,,,,,,28480101742.5075,,NO_BASELINE
VCBF-AIF,ACB,,2026-08-01,,5.6,,,,,,,27737142566.615997,,NO_BASELINE
VCBF-AIF,TCB,,2026-08-01,,4.32,,,,,,,21397224265.6752,,NO_BASELINE
VCBF-AIF,MWG,,2026-08-01,,4.1,,,,,,,20307550807.701,,NO_BASELINE
VCBF-AIF,FPT,,2026-08-01,,4.05,,,,,,,20059897749.0705,,NO_BASELINE
VCBF-AIF,CTG,,2026-08-01,,3.85,,,,,,,19069285514.5485,,NO_BASELINE
VCBF-AIF,BWE,,2026-08-01,,3.31,,,,,,,16394632481.3391,,NO_BASELINE
VCBF-AIF,TLG,,2026-08-01,,3.15,,,,,,,15602142693.721498,,NO_BASELINE
VCBF-AIF,HPG,,2026-08-01,,2.93,,,,,,,14512469235.7473,,NO_BASELINE
PBIF,MBB,,2026-08-01,,4.97,,,,,,,1465656894.3428998,,NO_BASELINE
PBIF,TCH,,2026-08-01,,4.97,,,,,,,1465656894.3428998,,NO_BASELINE
PBIF,KDH,,2026-08-01,,4.91,,,,,,,1447962847.3287,,NO_BASELINE
PBIF,VND,,2026-08-01,,4.78,,,,,,,1409625745.4646003,,NO_BASELINE
PBIF,CTD,,2026-08-01,,4.66,,,,,,,1374237651.4362001,,NO_BASELINE
PBIF,BID,,2026-08-01,,4.35,,,,,,,1282818408.5295,,NO_BASELINE
PBIF,CTG,,2026-08-01,,4.31,,,,,,,1271022377.1866999,,NO_BASELINE
LHCDF,NAB,,2026-08-01,,16.48,,,,,,,9275297329.552,,NO_BASELINE
LHCDF,DBD,,2026-08-01,,10.67,,,,,,,6005304763.733001,,NO_BASELINE
LHCDF,MWG,,2026-08-01,,4.78,,,,,,,2690286482.722,,NO_BASELINE
LHCDF,CTG,,2026-08-01,,4.7,,,,,,,2645260767.53,,NO_BASELINE
LHCDF,HPG,,2026-08-01,,4.63,,,,,,,2605863266.737,,NO_BASELINE
LHCDF,VIX,,2026-08-01,,4.19,,,,,,,2358221833.181,,NO_BASELINE
LHCDF,KDH,,2026-08-01,,3.88,,,,,,,2183747186.812,,NO_BASELINE
LHCDF,HHS,,2026-08-01,,3.77,,,,,,,2121836828.4229999,,NO_BASELINE
LHCDF,MBB,,2026-08-01,,3.56,,,,,,,2003644326.044,,NO_BASELINE
LHCDF,NTP,,2026-08-01,,3.47,,,,,,,1952990396.453,,NO_BASELINE
GDEGF,CTG,2026-08-01,2026-09-01,3.74,3.66,52600.0,52600.0,SO_CO_PHIEU,True,False,1743318555.194805,1578000000.0,-165318555.1948049,UNCHANGED
GDEGF,DGW,2026-08-01,2026-09-01,0.0,3.62,,34500.0,CAN_TOP10,False,False,1559400000.0,1559400000.0,0.0,ENTER_TOP10
GDEGF,FPT,2026-08-01,2026-09-01,4.73,4.66,29000.0,31900.0,SO_CO_PHIEU,False,False,1827000000.0,2009700000.0,182700000.0,UNCHANGED
GDEGF,HHV,2026-08-01,2026-09-01,4.23,0.0,189000.0,,CAN_TOP10,False,False,1916613704.8192768,1549661786.4412,-366951918.3780768,LEFT_TOP10
GDEGF,HPG,2026-08-01,2026-09-01,8.66,8.22,176000.0,176000.0,SO_CO_PHIEU,False,False,3546400000.0,3546400000.0,0.0,UNCHANGED
GDEGF,MBB,2026-08-01,2026-09-01,6.04,6.38,128800.0,140000.0,SO_CO_PHIEU,True,False,3045036788.048553,2751000000.0,-294036788.048553,UNCHANGED
GDEGF,MSN,2026-08-01,2026-09-01,4.69,4.8,30000.0,30000.0,SO_CO_PHIEU,False,False,2070000000.0,2070000000.0,0.0,UNCHANGED
GDEGF,MWG,2026-08-01,2026-09-01,4.34,4.36,26000.0,26000.0,SO_CO_PHIEU,False,False,1882400000.0,1882400000.0,0.0,UNCHANGED
GDEGF,PHP,2026-08-01,2026-09-01,9.47,9.76,90500.0,90500.0,SO_CO_PHIEU,False,False,4208250000.0,4208250000.0,0.0,UNCHANGED
GDEGF,PVD,2026-08-01,2026-09-01,3.63,3.61,85119.0,85119.0,SO_CO_PHIEU,True,False,1719837602.0661156,1557677700.0,-162159902.06611562,UNCHANGED
GDEGF,VNM,2026-08-01,2026-09-01,4.16,4.13,30000.0,30000.0,SO_CO_PHIEU,False,False,1782000000.0,1782000000.0,0.0,UNCHANGED
KDEF,VIC,,2026-08-01,,15.34,,,,,,,19111112036.7232,,NO_BASELINE
KDEF,VHM,,2026-08-01,,9.92,,,,,,,12358685228.441599,,NO_BASELINE
KDEF,VCB,,2026-08-01,,5.76,,,,,,,7176010777.8048,,NO_BASELINE
KDEF,TCB,,2026-08-01,,4.28,,,,,,,5332174675.1744,,NO_BASELINE
KDEF,VPB,,2026-08-01,,4.13,,,,,,,5145299394.502399,,NO_BASELINE
KDEF,MBB,,2026-08-01,,3.93,,,,,,,4896132353.6064005,,NO_BASELINE
KDEF,CTG,,2026-08-01,,3.58,,,,,,,4460090032.038401,,NO_BASELINE
KDEF,MWG,,2026-08-01,,3.0,,,,,,,3737505613.44,,NO_BASELINE
KDEF,VNM,,2026-08-01,,2.94,,,,,,,3662755501.1712,,NO_BASELINE
KDEF,STB,,2026-08-01,,2.9,,,,,,,3612922092.992,,NO_BASELINE
TCGF,TCB,,2026-07-01,,14.23,,,,,,,8078138488.0612,,NO_BASELINE
TCGF,CTG,,2026-07-01,,13.64,,,,,,,7743205128.4016,,NO_BASELINE
TCGF,F88,,2026-07-01,,9.59,,,,,,,5444086303.6196,,NO_BASELINE
TCGF,MWG,,2026-07-01,,8.95,,,,,,,5080768760.938,,NO_BASELINE
TCGF,HPG,,2026-07-01,,8.29,,,,,,,4706097545.0476,,NO_BASELINE
TCGF,ACB,,2026-07-01,,7.72,,,,,,,4382517858.5968,,NO_BASELINE
TCGF,HDB,,2026-07-01,,7.11,,,,,,,4036230825.7284,,NO_BASELINE
TCGF,BMP,,2026-07-01,,6.17,,,,,,,3502608184.9147997,,NO_BASELINE
TCGF,SHB,,2026-07-01,,4.16,,,,,,,2361564027.4304,,NO_BASELINE
TCGF,TCX,,2026-07-01,,3.48,,,,,,,1975539138.3312,,NO_BASELINE
VCAMDF,BID,2026-08-01,2026-09-01,4.32,4.4,40600.0,40600.0,SO_CO_PHIEU,False,False,1459570000.0,1459570000.0,0.0,UNCHANGED
VCAMDF,BVB,2026-08-01,2026-09-01,4.63,0.0,133000.0,,CAN_TOP10,False,False,1570076481.951286,1429128909.8435998,-140947572.10768628,LEFT_TOP10
VCAMDF,BVH,2026-08-01,2026-09-01,0.0,4.94,,22000.0,CAN_TOP10,False,False,1522977086.9581099,1639000000.0,116022913.04189014,ENTER_TOP10
VCAMDF,CTG,2026-08-01,2026-09-01,0.0,4.34,,48000.0,CAN_TOP10,False,False,1440000000.0,1440000000.0,0.0,ENTER_TOP10
VCAMDF,GVR,2026-08-01,2026-09-01,9.76,0.0,104500.0,,CAN_TOP10,False,False,3976785500.0000005,1429128909.8435998,-2547656590.1564007,LEFT_TOP10
VCAMDF,HDB,2026-08-01,2026-09-01,0.0,9.12,,110000.0,CAN_TOP10,False,False,1577727962.1452572,3025000000.0,1447272037.8547428,ENTER_TOP10
VCAMDF,IDC,2026-08-01,2026-09-01,0.0,4.46,,44000.0,CAN_TOP10,False,False,1425783644.1242945,1478400000.0,52616355.87570548,ENTER_TOP10
VCAMDF,PHR,2026-08-01,2026-09-01,4.32,4.41,24250.0,43650.0,SO_CO_PHIEU,True,False,1625300748.2394366,1464457500.0,-160843248.23943663,UNCHANGED
VCAMDF,PVS,2026-08-01,2026-09-01,14.75,0.0,129000.0,,CAN_TOP10,False,False,5932335483.870968,1429128909.8435998,-4503206574.027369,LEFT_TOP10
VCAMDF,TCB,2026-08-01,2026-09-01,4.34,4.42,45000.0,45000.0,SO_CO_PHIEU,False,False,1464750000.0,1464750000.0,0.0,UNCHANGED
VCAMDF,TLG,2026-08-01,2026-09-01,5.31,5.55,34800.0,34800.0,SO_CO_PHIEU,True,False,2016981954.2619538,1840920000.0,-176061954.26195383,UNCHANGED
VCAMDF,VCB,2026-08-01,2026-09-01,4.34,4.37,25000.0,25000.0,SO_CO_PHIEU,False,False,1450000000.0,1450000000.0,0.0,UNCHANGED
VCAMDF,VGI,2026-08-01,2026-09-01,4.34,0.0,17000.0,,CAN_TOP10,False,False,1634366584.4636252,1429128909.8435998,-205237674.6200254,LEFT_TOP10
VCAMDF,VNM,2026-08-01,2026-09-01,6.3,6.27,35000.0,35000.0,SO_CO_PHIEU,False,False,2079000000.0,2079000000.0,0.0,UNCHANGED
RVPIF,ACB,2026-08-01,2026-09-01,6.45,6.28,189896.0,189896.0,SO_CO_PHIEU,True,False,4448443865.753425,4006805600.0,-441638265.75342464,UNCHANGED
RVPIF,CTG,2026-08-01,2026-09-01,5.81,5.7,121245.0,121245.0,SO_CO_PHIEU,True,False,4018415555.600649,3637350000.0,-381065555.6006489,UNCHANGED
RVPIF,FPT,2026-08-01,2026-09-01,0.0,3.26,,33000.0,CAN_TOP10,False,False,2079000000.0,2079000000.0,0.0,ENTER_TOP10
RVPIF,GEL,2026-08-01,2026-09-01,3.5,3.7,80000.0,80000.0,SO_CO_PHIEU,False,False,2360000000.0,2360000000.0,0.0,UNCHANGED
RVPIF,HPG,2026-08-01,2026-09-01,4.81,4.59,145200.0,145200.0,SO_CO_PHIEU,False,False,2925780000.0,2925780000.0,0.0,UNCHANGED
RVPIF,KBC,2026-08-01,2026-09-01,4.93,4.78,120000.0,120000.0,SO_CO_PHIEU,False,False,3048000000.0,3048000000.0,0.0,UNCHANGED
RVPIF,KDH,2026-08-01,2026-09-01,4.91,4.33,180000.0,180000.0,SO_CO_PHIEU,False,False,2763000000.0,2763000000.0,0.0,UNCHANGED
RVPIF,MSN,2026-08-01,2026-09-01,4.21,4.33,40000.0,40000.0,SO_CO_PHIEU,False,False,2760000000.0,2760000000.0,0.0,UNCHANGED
RVPIF,MWG,2026-08-01,2026-09-01,5.62,5.68,50000.0,50000.0,SO_CO_PHIEU,False,False,3620000000.0,3620000000.0,0.0,UNCHANGED
RVPIF,PVS,2026-08-01,2026-09-01,3.56,0.0,60000.0,,CAN_TOP10,False,False,2759225806.451613,2068674822.5726,-690550983.8790131,LEFT_TOP10
RVPIF,VCB,2026-08-01,2026-09-01,5.41,5.46,60000.0,60000.0,SO_CO_PHIEU,False,False,3480000000.0,3480000000.0,0.0,UNCHANGED
AEIF,EVF,,2026-08-01,,17.41,,,,,,,24759725109.3916,,NO_BASELINE
AEIF,EIB,,2026-08-01,,17.0,,,,,,,24176641404.92,,NO_BASELINE
AEIF,PIV,,2026-08-01,,3.81,,,,,,,5418411985.4556,,NO_BASELINE
AEIF,VCB,,2026-08-01,,1.23,,,,,,,1749251113.4148002,,NO_BASELINE
AEIF,VNM,,2026-08-01,,1.14,,,,,,,1621257129.5063999,,NO_BASELINE
AEIF,CTG,,2026-08-01,,1.08,,,,,,,1535927806.9008002,,NO_BASELINE
AEIF,FPT,,2026-08-01,,0.91,,,,,,,1294161392.8516,,NO_BASELINE
AEIF,TCB,,2026-08-01,,0.81,,,,,,,1151945855.1756,,NO_BASELINE
AEIF,BID,,2026-08-01,,0.8,,,,,,,1137724301.408,,NO_BASELINE
AEIF,MSN,,2026-08-01,,0.8,,,,,,,1137724301.408,,NO_BASELINE
VBIF,BID,,2026-08-01,,0.01,,,,,,,5093627.7989,,NO_BASELINE
VBIF,VPB,,2026-08-01,,0.01,,,,,,,5093627.7989,,NO_BASELINE
LPLF,MSN,,2026-08-01,,8.08,,,,,,,3934935095.3392,,NO_BASELINE
LPLF,BSR,,2026-08-01,,6.63,,,,,,,3228789564.6162,,NO_BASELINE
LPLF,FPT,,2026-08-01,,5.62,,,,,,,2736922677.6988,,NO_BASELINE
LPLF,VIC,,2026-08-01,,5.43,,,,,,,2644393263.3282,,NO_BASELINE
LPLF,STB,,2026-08-01,,5.07,,,,,,,2469074372.9418,,NO_BASELINE
LPLF,VHM,,2026-08-01,,4.9,,,,,,,2386284896.926,,NO_BASELINE
LPLF,PVT,,2026-08-01,,4.65,,,,,,,2264535667.491,,NO_BASELINE
LPLF,VCB,,2026-08-01,,4.61,,,,,,,2245055790.7814,,NO_BASELINE
LPLF,VIB,,2026-08-01,,4.3,,,,,,,2094086746.2819998,,NO_BASELINE
LPLF,HPG,,2026-08-01,,4.24,,,,,,,2064866931.2176,,NO_BASELINE
ABEF,ABB,,2026-08-01,,5.96,,,,,,,2505190362.6812,,NO_BASELINE
ABEF,TCB,,2026-08-01,,5.5,,,,,,,2311836744.085,,NO_BASELINE
ABEF,VPB,,2026-08-01,,5.46,,,,,,,2295023385.9462,,NO_BASELINE
ABEF,MBB,,2026-08-01,,5.06,,,,,,,2126889804.5582,,NO_BASELINE
ABEF,VCB,,2026-08-01,,4.96,,,,,,,2084856409.2112,,NO_BASELINE
ABEF,HPG,,2026-08-01,,4.87,,,,,,,2047026353.3989,,NO_BASELINE
ABEF,FPT,,2026-08-01,,4.6,,,,,,,1933536185.962,,NO_BASELINE
ABEF,SSI,,2026-08-01,,4.53,,,,,,,1904112809.2191,,NO_BASELINE
ABEF,GMD,,2026-08-01,,4.51,,,,,,,1895706130.1497,,NO_BASELINE
ABEF,CTG,,2026-08-01,,4.39,,,,,,,1845266055.7333,,NO_BASELINE
