Xep_Hang,Ma_Co_Phieu,Ten_Cong_Ty,San,Nganh,Nhom_Nganh,Nganh_Chi_Tiet,Nhom_Chien_Luoc,Final_Score,Data_Coverage,Loai_Tru,Canh_Bao_Du_Lieu,Score_Value,Score_Quality,Score_Growth,Score_Momentum,Score_LowRisk,Score_SmartMoney,Score_Upside,Gia_Hien_Tai,Gia_Muc_Tieu,Upside_pct,So_Bao_Cao_MT,Ngay_Bao_Cao_Moi,PE,PB,ROE_pct,ROA_pct,Tang_Truong_LNST_pct,Tang_Truong_DT_pct,Co_Tuc_pct,Von_Hoa_VND,Ret_1M,Ret_3M,Ret_6M,Mom_6_1,Volatility_60D,Max_Drawdown_6M,Beta_120D,ADV_20D_VND,Ngay_Gia,So_Luong_Quy,Tong_Gia_Tri_Hien_Tai_VND,Tong_Gia_Tri_Ky_Truoc_VND,Ty_Le_So_Huu_Quy_pct,Dong_Tien_Rong_VND,Dong_Tien_Mua_VND,Dong_Tien_Ban_VND,Dong_Tien_Tren_Von_Hoa_pct,Ty_Le_Dong_Tien,So_Quy_Tang,So_Quy_Giam,So_Quy_Mua_Moi,So_Quy_Thoat,Tin_Hieu_Dong_Tien,Co_Du_Lieu_Dong_Tien
1,DRI,CTCP Đầu tư Cao su Đắk Lắk,UPCOM,Sản phẩm cao su,Hàng hóa không thiết yếu,Ô tô và Phụ tùng ô tô,Tấn công (Chu kỳ),78.13135026737969,0.9500000000000001,,,83.33333333333333,93.75,74.24242424242425,88.23529411764706,62.5,66.02941176470588,50.0,15100,,,0,,4.98,1.38,30.89729922446568,24.251820672988863,41.37,46.52,6.62,1105320000000,0.1491628614916285,0.1908517350157728,0.2851063829787235,0.11829787234042555,0.26615856430610063,-0.1725852272727273,0.5325630058977334,13313181950.0,2026-09-25,1,3312494722.3938003,2960796713.1107583,0.29968649100656825,351698009.28304195,351698009.28304195,0.0,0.031818659689776894,0.11878492289784082,0,0,0,0,TRUNG_TINH,True
2,VEA,Tổng công ty Máy động lực và Máy nông nghiệp Việt Nam - CTCP,UPCOM,"Sản xuất Thiết bị, máy móc",Công nghiệp,"Máy móc, thiết bị nặng và đóng tàu",Tăng trưởng (Phi chu kỳ),71.74341100076394,0.9500000000000001,,,78.57142857142857,92.85714285714286,29.545454545454543,69.11764705882352,99.26470588235294,37.05882352941177,50.0,36800,,,0,,6.33,2.06,29.129411983514093,24.77090545220909,2.78,15.96,12.77,48899840000000,0.04545454545454519,0.05142857142857138,0.09523809523809512,0.04761904761904767,0.10424384468643533,-0.0423728813559322,0.18711996152464652,10197925000.0,2026-09-25,1,26902172286.3582,25636868902.31134,0.05501484725994645,1265303384.0468597,1265303384.0468597,0.0,0.002587540949105068,0.049354833028489836,1,0,0,0,MUA,True
3,VHM,CTCP Vinhomes,HOSE,Bất động sản,Bất động sản,Quản lý và phát triển bất động sản,Tấn công (Chu kỳ),71.26672891378773,1.0,,,64.28571428571428,100.0,95.83333333333334,97.79411764705883,35.294117647058826,55.88235294117647,7.4074074074074066,69100,70250.0,1.664254703328516,4,2026-09-07,7.1,2.15,32.79593972044743,9.563693324483909,146.13,134.86,8.68,567644338400000,-0.058583106267030116,-0.0829462508294625,0.3773171217859277,0.46302571257723746,0.4142296925734404,-0.1965303279726478,1.9357453670837053,719285538500.0,2026-09-25,15,1030404488292.927,709127675732.0515,0.18152290414756772,126281459760.19012,150889020388.85663,-24607560628.66649,0.0222465813921681,0.17808000460541382,4,5,0,1,TRUNG_TINH,True
4,VPB,Ngân hàng TMCP Việt Nam Thịnh Vượng,HOSE,Ngân hàng,Tài chính,Tài chính ngân hàng,Tấn công (Chu kỳ),70.53068696009873,1.0,,,84.25925925925927,69.23076923076923,73.4848484848485,60.29411764705882,67.6470588235294,75.76470588235294,29.629629629629626,23000,26800.0,16.521739130434774,7,2026-09-17,6.12,1.02,17.814617683784086,2.3463482977179764,69.21,32.61,2.17,182480252000000,0.09995217599234807,0.08593012275731815,0.12195121951219523,0.020000000000000018,0.279120583216817,-0.13479623824451403,0.9212617840602897,531893663300.0,2026-09-25,15,589397072815.5753,356413295278.125,0.32299225058916253,151834770528.84412,151834770528.84412,0.0,0.08320613812438407,0.42600759438662567,10,1,1,1,MUA,True
5,HPG,CTCP Tập đoàn Hòa Phát,HOSE,Vật liệu xây dựng,Nguyên vật liệu,Kim loại và Khai khoáng,Tấn công (Chu kỳ),69.19425628837394,1.0,,,75.0,66.66666666666666,78.78787878787878,35.294117647058826,60.294117647058826,83.58823529411765,90.74074074074075,20650,32950.0,59.56416464891041,10,2026-09-25,7.51,1.24,17.72122969243343,8.97277207819716,73.89,34.28,2.42,174347216512000,-0.07191011235955058,-0.11752136752136755,-0.12202380952380953,-0.05399659863945572,0.2544608931767381,-0.20164770498234597,0.6722176372106565,375479683000.0,2026-09-25,31,1239269198062.4233,984093617910.3687,0.710805267130334,132736192672.04846,154076670124.24777,-21340477452.19931,0.0761332445263974,0.13488167208512278,12,4,0,1,MUA,True
6,ABB,Ngân hàng TMCP An Bình,UPCOM,Ngân hàng,Tài chính,Tài chính ngân hàng,Tấn công (Chu kỳ),69.17835405335406,0.9500000000000001,,,68.51851851851852,67.3076923076923,97.72727272727273,94.11764705882352,93.38235294117646,19.705882352941178,50.0,17500,,,0,,7.24,1.24,20.467664562600678,1.669601702058646,205.67,81.65,,28118720000000,0.023391812865497075,0.10549589387239422,0.44747725392886695,0.4143920595533499,0.20948056434254073,-0.0621468926553671,0.27251114305677016,12889985500.0,2026-09-25,2,6920603569.9238,4836164136.717522,0.02461208607619337,-420750929.4749212,0.0,-420750929.4749212,-0.001496337420319706,-0.0870009614190845,0,0,0,0,TRUNG_TINH,True
7,HDB,Ngân hàng TMCP Phát triển Thành phố Hồ Chí Minh,HOSE,Ngân hàng,Tài chính,Tài chính ngân hàng,Tấn công (Chu kỳ),68.25437443819797,1.0,,,50.0,80.76923076923077,45.45454545454545,80.88235294117648,84.55882352941177,73.23529411764706,35.18518518518518,27800,33400.0,20.14388489208634,7,2026-09-16,7.29,1.62,25.492497325676634,2.1594905810492597,33.22,14.67,,139146672800000,0.014598540145985384,0.0859375,0.11646586345381538,0.10040160642570273,0.23064882403380224,-0.10431654676259006,0.7694705860329455,307367901750.0,2026-09-25,14,680535119761.5354,610130469417.4818,0.4890775367224845,71705257423.3686,74183630331.1243,-2478372907.755703,0.051532139418405565,0.11752446569637597,10,1,1,1,MUA,True
8,VNM,CTCP Sữa Việt Nam,HOSE,Thực phẩm - Đồ uống,Hàng hóa thiết yếu,Thực phẩm và thuốc lá,Tăng trưởng (Phi chu kỳ),66.65601604278075,1.0,,,50.0,100.0,37.878787878787875,70.58823529411765,83.82352941176471,43.794117647058826,33.33333333333333,59800,71800.0,20.06688963210703,7,2026-08-14,11.55,3.97,30.77738764013842,19.48003112345361,27.3,13.7,7.85,126651300876000,-0.053797468354430444,0.05934455270150574,-0.005488109096956628,0.05105604523532348,0.23673650963381526,-0.09883242887682953,0.21413293010252096,149140844000.0,2026-09-25,8,71217372083.1681,18435738143.462612,0.056231062445141894,15072719361.326588,15072719361.326588,0.0,0.011900958977187116,0.8175815497071071,1,0,0,0,MUA,True
9,MBB,Ngân hàng TMCP Quân đội,HOSE,Ngân hàng,Tài chính,Tài chính ngân hàng,Tấn công (Chu kỳ),66.40908595761537,1.0,,,62.96296296296296,75.0,43.18181818181818,48.529411764705884,69.11764705882352,84.38235294117646,57.407407407407405,19900,26000.0,30.6532663316583,9,2026-09-18,6.66,1.34,21.683232800578974,2.0413554102941727,23.88,18.04,5.03,200368125000000,-0.04096385542168679,0.006066734074822833,-0.04418828049951973,-0.00336215177713739,0.2568872495787934,-0.15668849391955086,0.6512749635397282,240918638750.0,2026-09-25,32,1312284923485.545,932698014247.2716,0.6549369683853382,250753848713.87646,250810448713.87646,-56600000.0,0.12514657643967897,0.2688478423707655,21,0,4,0,MUA,True
10,PHR,CTCP Cao su Phước Hòa,HOSE,Sản xuất Nhựa - Hóa chất,Hàng hóa không thiết yếu,Ô tô và Phụ tùng ô tô,Tấn công (Chu kỳ),65.42217023172907,1.0,,,70.83333333333334,62.5,62.121212121212125,61.76470588235294,43.38235294117647,94.89705882352942,50.0,32450,41300.0,27.27272727272727,6,2026-09-16,8.46,1.7,21.543484507438798,14.61875642598272,79.58,15.89,4.31,7914483610000,-0.016666666666666607,-0.035661218424962726,0.004955094456488229,0.02198823165066588,0.2946950412506494,-0.22848281209614885,0.5258416652622301,14473877750.0,2026-09-25,3,107385018698.53572,90695340757.16615,1.3568164897436148,15259507270.647957,15259507270.647957,0.0,0.19280483759379416,0.1682501784904783,2,0,0,0,MUA,True
11,CTG,Ngân hàng TMCP Công Thương Việt Nam,HOSE,Ngân hàng,Tài chính,Tài chính ngân hàng,Tấn công (Chu kỳ),64.02603104956046,1.0,,,77.77777777777777,65.38461538461539,45.45454545454545,38.23529411764706,59.55882352941177,75.97058823529412,68.51851851851852,30150,42400.0,40.630182421227204,7,2026-08-25,5.83,1.18,22.175227878080754,1.4488483183555407,33.12,15.18,2.99,234173391750000,-0.05188679245283023,-0.0860866929372538,-0.10080524903071886,-0.05159558604235015,0.2591183907665152,-0.19580419580419584,0.8533845880987402,235660509250.0,2026-09-25,27,1154249427642.697,850850532688.1399,0.49290374923337,147695627677.75772,148398382661.43817,-702754983.68046,0.06307105456090219,0.17358586732164888,13,1,0,1,MUA,True
12,PVT,Tổng Công ty cổ phần Vận tải Dầu khí,HOSE,Vận tải - Kho bãi,Năng lượng,Dịch vụ và Thiết bị Dầu khí,Tấn công (Chu kỳ),63.221925133689844,1.0,,,62.5,100.0,62.121212121212125,67.64705882352942,20.58823529411765,58.82352941176471,16.666666666666664,23100,25600.0,10.822510822510822,7,2026-09-17,8.37,1.26,15.330441302085603,8.074546492923995,25.14,39.94,,11940827606400,0.1186440677966103,0.16666666666666674,0.17080587937151548,0.04662949822605156,0.4118895056606989,-0.29130434782608694,0.6791686413262888,145206855250.0,2026-09-25,2,19871466279.413403,0.0,0.16641615585139818,,0.0,0.0,,,0,0,0,0,TRUNG_TINH,False
13,NAB,Ngân hàng Thương mại Cổ phần Nam Á,HOSE,Ngân hàng,Tài chính,Tài chính ngân hàng,Tấn công (Chu kỳ),62.475452107805054,0.9500000000000001,,,87.03703703703704,53.84615384615385,46.212121212121204,83.82352941176471,72.05882352941177,35.294117647058826,50.0,12400,,,0,,5.71,1.03,19.910494943076095,1.2245971631310681,21.94,19.76,,26769397760000,0.06437768240343344,-0.057034220532319435,0.172022684310019,0.10113421550094515,0.2387862525604867,-0.16479400749063666,0.4731183156757732,17338702000.0,2026-09-25,1,9275297329.552,0.0,0.0346488830742825,,0.0,0.0,,,0,0,0,0,TRUNG_TINH,False
14,ACB,Ngân hàng TMCP Á Châu,HOSE,Ngân hàng,Tài chính,Tài chính ngân hàng,Tấn công (Chu kỳ),60.916126955832844,1.0,,,62.962962962962955,50.0,15.909090909090908,77.94117647058823,86.02941176470588,76.64705882352942,40.74074074074074,21400,26300.0,22.89719626168225,9,2026-09-21,7.92,1.25,16.810752064438798,1.5667278698210663,-7.64,2.17,3.27,124214630800000,-0.04888888888888898,-0.044642857142857095,0.04339346660165755,0.09702584105314482,0.23008831478363315,-0.09894736842105267,0.5367215618793751,164408443750.0,2026-09-25,16,777419771147.4434,782292722356.6487,0.6258681172584086,58677364261.61215,87112563079.62463,-28435198818.012486,0.047238689906094505,0.07500691567837574,8,3,0,1,MUA,True
15,POW,Tổng Công ty Điện lực Dầu khí Việt Nam - CTCP,HOSE,Tiện ích,Tiện ích,Tiện ích điện và sản xuất điện,Tăng trưởng (Phi chu kỳ),60.813844325609026,1.0,,,91.66666666666667,41.666666666666664,94.31818181818181,58.82352941176471,77.20588235294119,14.088235294117647,61.111111111111114,12450,16900.0,35.7429718875502,9,2026-09-15,6.41,0.93,16.523090020028906,6.88913993370996,243.38,53.85,,38194678093500,-0.0811808118081182,-0.14137931034482765,-0.0674157303370787,0.014981273408239737,0.22478997812989235,-0.16778523489932884,0.7177242670967668,77409560000.0,2026-09-25,1,3212648319.2481995,109981524721.60759,0.008411245963072878,-531220115.9439702,0.0,-531220115.9439702,-0.001390822340860031,-0.004830085028268423,0,1,0,1,TRUNG_TINH,True
16,TCB,Ngân hàng TMCP Kỹ thương Việt Nam,HOSE,Ngân hàng,Tài chính,Tài chính ngân hàng,Tấn công (Chu kỳ),60.64960845254962,1.0,,,51.85185185185185,61.53846153846153,56.06060606060606,66.17647058823529,50.73529411764706,87.44117647058823,38.88888888888889,33250,40850.0,22.857142857142865,8,2026-09-22,8.69,1.32,16.116481460371944,2.446877565493787,31.04,26.26,5.11,235617488645000,0.05723370429252794,-0.004491017964071808,0.10208816705336421,0.042426251242956514,0.32982802117215143,-0.17638483965014573,0.9343617799619981,582430500000.0,2026-09-25,30,1328028518342.4585,678345653466.9185,0.5636374982093845,477806753182.66565,479234382253.9363,-1427629071.2706184,0.20278917152137516,0.7043706268930451,19,1,6,0,MUA,True
17,BMP,CTCP Nhựa Bình Minh,HOSE,Sản xuất Nhựa - Hóa chất,Hàng hóa không thiết yếu,Xây dựng và vật liệu xây dựng dân dụng,Tấn công (Chu kỳ),60.25515201029907,1.0,,,35.41666666666667,97.91666666666667,24.242424242424242,89.70588235294117,81.61764705882354,25.676470588235293,24.074074074074073,145000,168000.0,15.86206896551725,7,2026-09-23,9.25,4.16,45.42165274123241,37.29190593171586,12.81,8.63,10.25,11869835720000,0.0020732550103663705,-0.039735099337748325,0.19577766782121064,0.19330364506020103,0.2265491345979943,-0.13655407174653045,0.48094737449506936,10384661500.0,2026-09-25,1,3502608184.9147997,5946063693.375759,0.02950848071985616,0.0,0.0,0.0,0.0,0.0,0,1,0,1,TRUNG_TINH,True
18,QNS,CTCP Đường Quảng Ngãi,UPCOM,Thực phẩm - Đồ uống,Hàng hóa thiết yếu,Thực phẩm và thuốc lá,Phòng thủ (Cổ tức),59.45007922360863,1.0,,,100.0,37.5,21.21212121212121,76.47058823529412,99.26470588235294,29.941176470588236,18.51851851851852,49800,55350.0,11.144578313253017,2,2026-09-22,9.44,1.72,18.77513213521379,12.648225875105421,-7.42,13.4,8.03,18272113552000,0.06866952789699554,0.059349074664964974,0.13053348467650405,0.057888762769580104,0.10168014209403185,-0.05285502016556998,0.04227635503197443,13055112000.0,2026-09-25,2,25055175174.5518,8479113284.029795,0.1371224795820588,-643294777.1127949,0.0,-643294777.1127949,-0.0035206369273158445,-0.07586816634758554,0,0,0,0,TRUNG_TINH,True
19,NTP,CTCP Nhựa Thiếu niên Tiền Phong,HNX,Sản xuất Nhựa - Hóa chất,Hàng hóa không thiết yếu,Xây dựng và vật liệu xây dựng dân dụng,Tấn công (Chu kỳ),59.364230540701136,1.0,,,58.333333333333336,75.0,39.39393939393939,86.76470588235294,75.0,26.47058823529412,22.22222222222222,52500,59000.0,12.380952380952381,4,2026-09-16,9.04,2.47,29.34258440397018,16.952852421402334,29.49,13.5,5.71,10775373000000,0.03346456692913402,0.035502958579881616,0.15359261700725124,0.11623818940892106,0.269665303011106,-0.06849315068493156,0.36201733148916576,11054203000.0,2026-09-25,1,1952990396.453,0.0,0.01812457347372569,,0.0,0.0,,,0,0,0,0,TRUNG_TINH,False
20,SAB,Tổng Công ty cổ phần Bia - Rượu - Nước giải khát Sài Gòn,HOSE,Thực phẩm - Đồ uống,Hàng hóa thiết yếu,Đồ uống,Tăng trưởng (Phi chu kỳ),58.80061893444246,1.0,,,50.0,75.0,21.96969696969697,82.35294117647058,93.38235294117646,28.764705882352942,25.925925925925924,43900,50900.0,15.945330296127569,6,2026-08-11,11.79,2.88,22.610753902404234,15.43953247893,19.25,-8.9,11.39,56304490677000,-0.04772234273318876,-0.03452826039146695,0.048483401003104776,0.10102698829711021,0.19961165740676756,-0.06399651719634303,0.420470464331741,20450326250.0,2026-09-25,1,8116800000.0,4845044813.922147,0.014415901649059154,3271755186.077853,3271755186.077853,0.0,0.0058108245838627975,0.675278622124717,1,0,1,0,MUA,True
21,MWG,CTCP Đầu tư Thế giới Di động,HOSE,Bán lẻ,Hàng hóa không thiết yếu,Bán lẻ chuyên dụng,Tăng trưởng (Phi chu kỳ),58.73226629035453,1.0,,,37.5,66.66666666666667,75.75757575757575,42.64705882352941,30.147058823529413,97.89705882352942,70.37037037037037,73400,103350.0,40.80381471389644,10,2026-09-03,10.99,3.04,30.074105757607512,10.735703499119765,105.2,24.5,1.36,108315945472000,-0.02263648468708379,-0.03446461457511174,-0.058853699192203957,-0.03705603282472114,0.3466318648674329,-0.27489530013959973,1.0361015735180363,177880045500.0,2026-09-25,27,1715211129965.6133,1366148207895.6248,1.5835259734763618,316204143420.2045,316204143420.2045,0.0,0.29192760312648913,0.23145669085733842,18,1,0,1,MUA,True
22,DPR,CTCP Cao su Đồng Phú,HOSE,Sản xuất Nhựa - Hóa chất,Hàng hóa không thiết yếu,Ô tô và Phụ tùng ô tô,Tấn công (Chu kỳ),57.69426619132502,1.0,,,75.0,33.333333333333336,52.27272727272727,39.705882352941174,72.05882352941177,77.17647058823529,55.55555555555556,37900,49400.0,30.343007915567277,1,2026-05-15,9.21,1.21,12.181251537531754,8.875646663549954,31.22,19.39,,3292977126000,0.024324324324324298,-0.011734028683181297,-0.02695763799743267,-0.05006418485237496,0.19729824649261501,-0.20588235294117652,0.4323534643439367,9691882250.0,2026-09-25,2,19387905634.2146,17339156419.073566,0.5887652690064449,2048749215.141032,2048749215.141032,0.0,0.06221571352454733,0.11815737545843634,1,0,0,0,MUA,True
23,GMD,CTCP Tập đoàn Gemadept,HOSE,Vận tải - Kho bãi,Công nghiệp,Cơ sở hạ tầng giao thông vận tải,Tăng trưởng (Phi chu kỳ),57.54353125088419,1.0,,,28.57142857142857,78.57142857142857,57.57575757575758,64.70588235294117,82.35294117647058,43.911764705882355,20.37037037037037,77400,86800.0,12.144702842377253,9,2026-09-03,13.06,2.44,21.189141594951284,15.428968268107443,59.11,17.5,2.84,33505879500000,-0.001290322580645098,0.0602739726027397,0.03172487336710228,0.03305785123966953,0.2361720060949416,-0.11066528604711379,0.5706150804553995,58945427000.0,2026-09-25,4,206427444744.67978,301884871151.77594,0.6160931986419869,-3440904518.0261183,56344274.48828602,-3497248792.5144043,-0.010269554386793871,-0.011398068756801548,1,2,1,1,BAN,True
24,PVS,Tổng Công ty cổ phần Dịch vụ Kỹ thuật Dầu khí Việt Nam,HNX,Khai khoáng,Năng lượng,Dịch vụ và Thiết bị Dầu khí,Tấn công (Chu kỳ),57.27131115072291,1.0,,,62.5,75.0,72.72727272727272,22.058823529411764,31.61764705882353,62.61764705882353,48.148148148148145,31600,40200.0,27.21518987341771,9,2026-08-10,9.21,1.25,14.549504878009255,5.869546216802564,70.32,31.43,,19393049560000,-0.002210293653299611,-0.002210293653299611,-0.10150696616434463,-0.0995166334944555,0.3924556686978356,-0.2268012335295767,0.7101035579595749,117669723350.0,2026-09-25,3,40725884078.1149,26304176503.910976,0.2100024751244688,7175644255.690224,7175644255.690224,0.0,0.03700111338079943,0.2727948641396673,1,0,0,0,MUA,True
25,FPT,CTCP FPT,HOSE,Công nghệ và thông tin,Công nghệ,Phần mềm và dịch vụ CNTT,Tăng trưởng (Phi chu kỳ),57.14079520697169,1.0,,,41.666666666666664,83.33333333333334,16.666666666666668,32.35294117647059,48.529411764705884,89.85294117647058,46.2962962962963,64700,81500.0,25.965996908809895,9,2026-09-15,12.2,3.06,27.065283408192762,14.136404274582167,6.09,-3.77,3.09,122008613770000,-0.0032352488060389817,0.0023237800154920496,-0.06299782766111506,-0.059956553222302644,0.30486995960205066,-0.20273509093472453,0.7812665334094021,422318826050.0,2026-09-25,18,835472004705.3973,604889766925.4789,0.6847647710188367,204511904791.60406,204863531102.4553,-351626310.85122395,0.16762087402872397,0.33809780884721014,11,1,1,1,MUA,True
26,VCB,Ngân hàng TMCP Ngoại thương Việt Nam,HOSE,Ngân hàng,Tài chính,Tài chính ngân hàng,Tấn công (Chu kỳ),57.050708441884915,1.0,,,35.18518518518518,63.46153846153845,45.45454545454545,63.23529411764706,76.47058823529412,60.82352941176471,53.70370370370371,58000,75000.0,29.31034482758621,7,2026-09-07,11.66,1.95,18.030418609791752,1.7095892237683763,20.16,21.81,1.55,485464717500000,-0.020270270270270285,-0.03814262023217241,0.0013812154696133394,0.022099447513812098,0.2334166618865338,-0.16096954630205096,0.6839948942427118,302538837000.0,2026-09-25,26,1305261345626.8508,915978946417.0778,0.26886842618523576,133262842845.27646,134436703161.62566,-1173860316.3491974,0.027450572212856326,0.14548679679434154,11,1,0,0,MUA,True
27,CTR,Tổng Công ty Cổ phần Công trình Viettel,HOSE,Công nghệ và thông tin,Công nghiệp,Xây dựng,Tấn công (Chu kỳ),56.827152123475656,1.0,,,14.285714285714285,71.42857142857143,43.93939393939394,72.05882352941177,61.029411764705884,91.89705882352942,31.48148148148148,72700,85200.0,17.193947730398907,8,2026-08-11,14.23,4.15,30.916140688495393,7.493406142682042,16.08,22.94,5.02,9313563267200,-0.048429319371727786,-0.002743484224965731,0.0009637890678784178,0.05190692551287368,0.24640990286821318,-0.2031681267250689,0.6124384948718531,14884066000.0,2026-09-25,1,96588800000.0,82264553167.95262,1.0370767581529314,14324246832.047379,14324246832.047379,0.0,0.1537998553410136,0.17412416746253723,1,0,1,0,MUA,True
28,TLG,CTCP Tập đoàn Thiên Long,HOSE,Sản xuất Phụ trợ,Công nghiệp,Dịch vụ công nghiệp và Thương mại,Phòng thủ (Cổ tức),56.7841184958832,1.0,,,64.28571428571428,50.0,35.22727272727273,79.41176470588235,75.73529411764706,55.5,5.555555555555555,53000,50000.0,-5.660377358490565,1,2026-06-01,11.13,2.01,18.353491408589484,12.166926189813399,6.77,18.61,8.49,5116002020000,0.0076045627376426506,0.09300886780779538,0.10762800417972818,0.0992685475444095,0.25409968343419137,-0.11520648398301814,0.36881100444956716,11431108500.0,2026-09-25,3,20559478403.132896,2901471753.496897,0.4018661119123815,297945839.8192024,297945839.8192024,0.0,0.005823802231790409,0.10268783056740553,0,0,0,0,TRUNG_TINH,True
29,TPB,Ngân hàng TMCP Tiên Phong,HOSE,Ngân hàng,Tài chính,Tài chính ngân hàng,Tấn công (Chu kỳ),56.36298429239606,1.0,,,94.44444444444444,53.84615384615385,28.787878787878785,25.0,77.20588235294117,29.735294117647058,51.85185185185185,14600,18600.0,27.397260273972602,1,2026-06-25,5.34,0.88,17.447207492586887,1.56904944883515,19.62,9.75,,40501086200000,0.0,-0.08750000000000002,-0.09597523219814241,-0.09597523219814241,0.22472555053542378,-0.17014925373134326,0.6777286994374154,118035388750.0,2026-09-25,2,37340262576.5822,13183926230.678404,0.09219570653535263,-980602326.4634037,0.0,-980602326.4634037,-0.0024211753769295295,-0.07437862661743254,0,0,0,0,TRUNG_TINH,True
30,NVL,CTCP Tập đoàn Đầu tư Địa ốc No Va,HOSE,Bất động sản,Bất động sản,Quản lý và phát triển bất động sản,Tấn công (Chu kỳ),56.03805350422997,1.0,,,100.0,35.71428571428571,45.07575757575757,73.52941176470588,29.411764705882355,43.85294117647059,85.18518518518519,11850,18600.0,56.96202531645569,1,2026-06-19,6.75,0.59,7.336280211765531,1.7291225887028787,89.7,-20.53,,28464505800000,-0.1254612546125462,-0.06324110671936767,-0.0771028037383178,0.055295950155763274,0.28930295288961727,-0.37860513896172,0.6559034939017414,161850832750.0,2026-09-25,1,11819215350.0,5492089242.370988,0.041522643790288465,6327126107.629012,6327126107.629012,0.0,0.02222812562454189,1.1520435718370685,1,0,1,0,MUA,True
31,CTD,CTCP Xây dựng Coteccons,HOSE,Xây dựng,Công nghiệp,Xây dựng,Tấn công (Chu kỳ),55.60623390770449,1.0,,,89.28571428571428,28.57142857142857,79.54545454545453,8.823529411764707,30.147058823529413,84.11764705882354,92.5925925925926,58200,96500.0,65.80756013745706,5,2026-08-25,8.26,0.67,8.46417202632817,2.3020082281560277,72.7,38.0,1.72,6508111171200,-0.07911392405063289,-0.1871508379888267,-0.2734082397003744,-0.2109862671660424,0.2917140026722336,-0.36811926605504586,0.8399210251087843,12403844000.0,2026-09-25,3,44218801220.7754,35845090578.13947,0.6794413933255246,6999472991.199722,7112672991.199722,-113200000.00000024,0.10754999118905836,0.19527006009209052,1,0,0,0,MUA,True
32,VND,CTCP Chứng khoán VNDIRECT,HOSE,Chứng khoán,Tài chính,Chứng khoán và Ngân hàng đầu tư,Tấn công (Chu kỳ),54.768032893032895,0.9500000000000001,,,73.14814814814815,61.53846153846154,78.78787878787878,85.29411764705883,30.147058823529413,8.823529411764707,50.0,14350,,,0,,8.09,1.02,13.145010849098304,5.520157911647908,79.03,33.53,3.48,21845003565000,-0.14583333333333337,-0.17291066282420753,-0.047144754316069126,0.11553784860557781,0.3875824298119528,-0.2346666666666667,1.080519649506807,149537992250.0,2026-09-25,1,1409625745.4646003,0.0,0.006452851981782684,,0.0,0.0,,,0,0,0,0,TRUNG_TINH,False
33,PHP,CTCP Cảng Hải Phòng,UPCOM,Vận tải - Kho bãi,Công nghiệp,Cơ sở hạ tầng giao thông vận tải,Tăng trưởng (Phi chu kỳ),54.621442011147884,1.0,,,42.857142857142854,64.28571428571428,59.84848484848485,97.79411764705883,56.617647058823536,33.82352941176471,12.962962962962962,43700,47900.0,9.610983981693355,5,2026-08-18,11.68,2.25,20.64559759395798,14.106812463499342,42.34,22.65,3.43,14288152000000,-0.08193277310924363,0.14939505523408725,0.34296250768285197,0.46281499692685935,0.35408615421778705,-0.12783505154639185,0.6048195308610061,8094503500.0,2026-09-25,1,4232212758.6716003,0.0,0.029620434879693333,,0.0,0.0,,,0,0,0,0,TRUNG_TINH,False
34,VIC,Tập đoàn VINGROUP - CTCP,HOSE,Bất động sản,Bất động sản,Quản lý và phát triển bất động sản,Tấn công (Chu kỳ),53.03501400560224,0.9500000000000001,,,14.285714285714285,57.14285714285714,95.83333333333334,97.79411764705883,49.26470588235294,44.26470588235294,50.0,232000,,,0,,84.55,10.53,15.65810363949954,2.4193157232185256,253.38,65.68,,1800827152000000,0.0815850815850816,0.03111111111111109,0.8026418026418027,0.6666666666666667,0.37645289084729844,-0.164490861618799,1.910357061288828,1331315460500.0,2026-09-25,13,1596413985127.3008,911469954691.5118,0.08864892909651668,144695517463.47696,160104401696.98047,-15408884233.50351,0.008034947568553595,0.15874962934181341,6,1,1,1,MUA,True
35,SIP,Công ty Cổ phần Đầu tư Sài Gòn VRG,HOSE,Tiện ích,Bất động sản,Quản lý và phát triển bất động sản,Tăng trưởng (Phi chu kỳ),52.63507837478425,1.0,,,50.0,78.57142857142857,23.484848484848484,33.82352941176471,79.41176470588235,14.676470588235293,62.96296296296296,50000,69000.0,37.999999999999986,9,2026-08-05,8.52,2.51,29.095709617263267,5.363831662869216,10.2,12.21,10.0,12105647200000,0.0,-0.003984063745020028,-0.05571293673276678,-0.05571293673276678,0.17227684506926913,-0.19237435008665515,0.2539856899181324,3541217750.0,2026-09-25,1,711720753.6067,666461802.2072146,0.005879245792052324,45258951.39948535,45258951.39948535,0.0,0.0003738664331757938,0.06790929540086912,0,0,0,0,TRUNG_TINH,True
36,PNJ,CTCP Vàng bạc Đá quý Phú Nhuận,HOSE,Sản xuất Phụ trợ,Hàng hóa không thiết yếu,Bán lẻ chuyên dụng,Tăng trưởng (Phi chu kỳ),52.435561497326205,1.0,,,83.33333333333333,54.166666666666664,50.757575757575765,3.6764705882352944,1.4705882352941175,77.08823529411765,100.0,33000,88550.0,168.33333333333331,4,2026-07-07,6.91,1.26,19.209992670892746,12.604814599691435,18.47,32.01,7.27,16886824416000,-0.22626025791324733,-0.48517940717628705,-0.5540540540540541,-0.4236486486486487,0.681342232630697,-0.5989304812834224,1.0371311218115633,182538841250.0,2026-09-25,1,42627312770.4212,15369696602.507538,0.2524294190566256,27257616167.913666,27257616167.913666,0.0,0.16141351089129288,1.7734648167008473,1,0,0,0,MUA,True
37,MSN,CTCP Tập đoàn Masan,HOSE,Thực phẩm - Đồ uống,Hàng hóa thiết yếu,Thực phẩm và thuốc lá,Tăng trưởng (Phi chu kỳ),51.18275401069519,1.0,,,50.0,37.5,67.8030303030303,41.17647058823529,61.029411764705884,56.147058823529406,66.66666666666666,70100,97300.0,38.80171184022825,3,2026-06-19,14.51,2.56,21.78403556359213,7.457717381286809,82.29,18.61,,102372263666000,0.0014285714285713347,-0.019580419580419672,-0.04234972677595639,-0.04371584699453557,0.23843190179534185,-0.21111111111111114,0.6806024494250568,297884466000.0,2026-09-25,10,172186157453.0065,139358070507.4537,0.16819610242749097,22865035701.968185,22865035701.968185,0.0,0.022335186195127723,0.16407399742769277,4,0,1,0,MUA,True
38,DGW,CTCP Thế Giới Số,HOSE,Bán buôn,Hàng hóa không thiết yếu,Bán lẻ chuyên dụng,Tăng trưởng (Phi chu kỳ),50.85508764111705,1.0,,,37.5,45.83333333333333,75.75757575757575,54.41176470588235,24.264705882352942,97.89705882352942,11.11111111111111,44500,47500.0,6.741573033707859,7,2026-08-24,11.9,2.67,24.44281607511082,8.054408085725747,70.75,33.5,2.25,9939564500000,0.03971962616822444,0.11949685534591192,0.0453370918487197,0.0054028658679821095,0.40310810448251533,-0.26512968299711814,0.6225595064917406,90817709500.0,2026-09-25,3,86225110980.7064,43415507911.732666,0.8674938522779988,42809603068.97374,42809603068.97374,0.0,0.43069898151949954,0.9860440457361277,2,0,1,0,MUA,True
39,EVF,Công ty Tài chính Tổng hợp Cổ phần Điện lực,HOSE,Tài chính khác,Tài chính,Tài chính ngân hàng,Tấn công (Chu kỳ),50.480845407316,1.0,,,72.22222222222221,19.23076923076923,57.57575757575758,26.47058823529412,55.88235294117647,69.11764705882352,81.48148148148148,11600,17900.0,54.310344827586206,1,2026-04-09,9.11,0.85,9.740298807787113,1.2003281986724266,21.9,36.82,,8822563280000,-0.08300395256917004,-0.12121212121212122,-0.16546762589928066,-0.08992805755395683,0.25636121929189154,-0.21034482758620698,0.4483976124403212,16665320250.0,2026-09-25,1,24759725109.3916,0.0,0.2806409466681842,,0.0,0.0,,,0,0,0,0,TRUNG_TINH,False
40,TCX,Công ty Cổ phần Chứng khoán Kỹ Thương,HOSE,Chứng khoán,Tài chính,Chứng khoán và Ngân hàng đầu tư,Tấn công (Chu kỳ),50.30793569175922,0.9500000000000001,,,16.666666666666664,71.15384615384616,78.78787878787878,30.88235294117647,47.794117647058826,57.0,50.0,29950,,,0,,16.37,2.18,16.064542635325584,7.352041389026215,50.25,55.88,1.67,99713852800000,-0.11911764705882355,-0.20133333333333336,-0.17787537743617898,-0.06670326653856706,0.31470839206347223,-0.20133333333333336,1.0200324845413935,75082847000.0,2026-09-25,2,89378322788.31561,49754119669.92378,0.08963481028818056,37648663980.06062,37648663980.06062,0.0,0.03775670373059802,0.7566944050025898,1,0,0,0,MUA,True
41,VGI,Tổng Công ty cổ phần Đầu tư Quốc tế Viettel,UPCOM,Dịch vụ viễn thông,Công nghệ,Dịch vụ Viễn thông,Tăng trưởng (Phi chu kỳ),50.2105614973262,0.9500000000000001,,,16.666666666666664,100.0,75.75757575757575,52.94117647058824,39.705882352941174,3.6764705882352944,50.0,82700,,,0,,20.43,6.64,36.26102863856875,17.977869792597797,89.87,28.58,3.99,251723196991000,-0.017698063903076267,-0.017698063903076267,-0.014302741358760418,0.0034564958283669345,0.2925793825118288,-0.2649923116350589,0.5831064315939627,20448914850.0,2026-09-25,1,1436791831.2341998,0.0,0.0005707824500916259,,0.0,0.0,,,0,0,0,0,TRUNG_TINH,False
42,KDH,CTCP Đầu tư và Kinh doanh Nhà Khang Điền,HOSE,Bất động sản,Bất động sản,Quản lý và phát triển bất động sản,Tấn công (Chu kỳ),49.9677269897858,1.0,,,64.28571428571428,71.42857142857142,52.651515151515156,3.6764705882352944,19.852941176470587,38.23529411764706,98.14814814814815,15700,29150.0,85.66878980891718,6,2026-09-24,10.02,0.95,12.148896277191376,6.815722702304745,211.26,-17.87,,17618774087000,-0.15363881401617263,-0.2781609195402299,-0.39264990328820126,-0.28239845261121854,0.326019671759978,-0.423728813559322,0.6582818774946809,75560408000.0,2026-09-25,3,6890732796.1389,0.0,0.039110171695902626,,0.0,0.0,,,0,0,0,0,TRUNG_TINH,False
43,BID,Ngân hàng TMCP Đầu tư và Phát triển Việt Nam,HOSE,Ngân hàng,Tài chính,Tài chính ngân hàng,Tấn công (Chu kỳ),49.71833379039262,1.0,,,46.2962962962963,46.15384615384616,37.878787878787875,57.35294117647059,56.617647058823536,60.352941176470594,37.03703703703704,35750,43400.0,21.398601398601393,3,2026-06-05,8.62,1.44,18.118132887787116,1.0182811433921195,25.9,14.24,2.52,278071686750000,-0.031165311653116534,-0.07789527985555844,-0.02188782489740071,0.009575923392612928,0.2537846959327463,-0.2250059651634455,0.9087736869675711,132971609750.0,2026-09-25,9,650619312022.7748,466710808049.257,0.23397538944974045,79357997593.22818,79357997593.22818,0.0,0.028538683143449584,0.17003676843252508,3,1,0,1,MUA,True
44,LPB,Ngân hàng TMCP Lộc Phát Việt Nam,HOSE,Ngân hàng,Tài chính,Tài chính ngân hàng,Tấn công (Chu kỳ),49.68570661364779,0.9500000000000001,,,22.22222222222222,78.84615384615384,35.6060606060606,92.64705882352942,55.147058823529406,12.882352941176471,50.0,46450,,,0,,12.29,3.22,26.973384430852693,2.0002305663492663,13.72,16.17,6.46,138759257261000,-0.05397148676171082,-0.17053571428571423,0.17594936708860764,0.24303797468354427,0.2931022815293511,-0.1785714285714286,0.0841595460419453,108658552500.0,2026-09-25,1,9560009598.512001,13158193490.56112,0.006889637338235421,-385535572.80091906,0.0,-385535572.80091906,-0.0002778449383566127,-0.02930003826721948,0,1,0,1,TRUNG_TINH,True
45,VIX,CTCP Chứng khoán VIX,HOSE,Chứng khoán,Tài chính,Chứng khoán và Ngân hàng đầu tư,Tấn công (Chu kỳ),49.23874872404285,0.9500000000000001,,,74.07407407407408,71.15384615384616,93.56060606060606,19.11764705882353,5.882352941176471,13.23529411764706,50.0,12650,,,0,,8.24,1.0,15.671803148223612,12.545383165407817,92.56,105.37,,32545774272000,-0.08333333333333337,-0.20490257699560022,-0.18016850291639663,-0.10563836681788719,0.4743267022441547,-0.3928377645143788,1.5140380884153277,478141949500.0,2026-09-25,1,2358221833.181,0.0,0.007245861823634172,,0.0,0.0,,,0,0,0,0,TRUNG_TINH,False
46,NLG,CTCP Đầu tư Nam Long,HOSE,Bất động sản,Bất động sản,Quản lý và phát triển bất động sản,Tấn công (Chu kỳ),48.75082548170783,1.0,,,64.28571428571428,42.857142857142854,6.4393939393939394,13.23529411764706,27.205882352941174,96.05882352941177,94.44444444444444,22450,37700.0,67.92873051224943,10,2026-08-19,17.65,0.87,6.360219694742231,3.407355927614146,-39.02,-40.07,2.23,10890436091200,-0.0836734693877551,-0.11787819253438114,-0.21913043478260874,-0.14782608695652177,0.33456313992128206,-0.3171730966200068,0.6560537905981392,44474616750.0,2026-09-25,2,90283734000.0,181340575643.67285,0.8290185374023142,44332142962.61039,44332142962.61039,0.0,0.40707408400691053,0.24446896567551057,2,1,2,1,MUA,True
47,VIB,Ngân hàng TMCP Quốc tế Việt Nam,HOSE,Ngân hàng,Tài chính,Tài chính ngân hàng,Tấn công (Chu kỳ),48.66868877310054,1.0,,,75.92592592592592,42.30769230769231,18.18181818181818,23.52941176470588,81.61764705882354,28.47058823529412,44.44444444444444,13400,16700.0,24.626865671641784,1,2026-07-31,6.75,1.05,16.222741725507113,1.3344841825054963,-1.52,7.97,6.72,50054177358000,-0.0051967334818114885,-0.08281998631074605,-0.10307898259705484,-0.09839357429718865,0.22413380632843893,-0.1594014313597918,0.7670731304956878,65769485000.0,2026-09-25,4,52344315208.3986,36572992262.192245,0.10457531812783369,-8430028695.660443,964137254.7103815,-9394165950.370825,-0.016841808497554095,-0.23049874167323967,0,1,0,1,BAN,True
48,SHB,Ngân hàng TMCP Sài Gòn - Hà Nội,HOSE,Ngân hàng,Tài chính,Tài chính ngân hàng,Tấn công (Chu kỳ),48.52361358684889,0.9500000000000001,,,98.14814814814815,50.0,20.454545454545453,11.76470588235294,39.705882352941174,31.441176470588236,50.0,11600,,,0,,5.08,0.82,17.600530637920382,1.3636515389912962,11.16,-0.99,,61986966400000,-0.04132231404958675,-0.1501831501831502,-0.21515561569688768,-0.18132611637347762,0.2827695691074351,-0.279742765273312,0.7238623997975716,499380411250.0,2026-09-25,2,15854488967.102398,10705988453.448479,0.02557713320699365,2786936486.2235203,2786936486.2235203,0.0,0.004496003995806964,0.26031566336369694,1,0,0,0,MUA,True
49,VCI,CTCP Chứng khoán Vietcap,HOSE,Chứng khoán,Tài chính,Chứng khoán và Ngân hàng đầu tư,Tấn công (Chu kỳ),48.024332312567616,1.0,,,33.33333333333333,51.92307692307692,76.51515151515153,14.705882352941178,11.029411764705884,88.32352941176471,87.03703703703704,19800,31200.0,57.57575757575757,1,2026-05-26,15.69,1.33,9.835385634942009,4.720486725468111,59.4,39.36,3.79,22814193600000,-0.10407239819004532,-0.17671517671517667,-0.23076923076923073,-0.14141414141414133,0.43133950329850734,-0.36379310344827587,1.129155128055252,199451248000.0,2026-09-25,2,187320864707.922,153586652287.98132,0.8210716012680894,33353284834.361877,33353284834.361877,0.0,0.14619532655478945,0.21716265272728966,1,0,0,0,MUA,True
50,PVD,Tổng Công ty cổ phần Khoan và Dịch vụ khoan Dầu khí,HOSE,Khai khoáng,Năng lượng,Dịch vụ và Thiết bị Dầu khí,Tấn công (Chu kỳ),46.236135868488816,1.0,,,62.5,50.0,71.21212121212122,29.411764705882355,42.64705882352941,17.647058823529413,42.592592592592595,18000,22150.0,23.055555555555564,6,2026-08-04,15.01,0.96,6.604103252530985,4.157152582618083,40.09,45.21,2.78,16699359600000,-0.06976744186046513,-0.04912836767036444,-0.13544668587896258,-0.07060518731988463,0.38691310962870373,-0.19317657906869534,0.8735702223157421,114373001250.0,2026-09-25,1,1622273739.5963998,0.0,0.009714586537775974,,0.0,0.0,,,0,0,0,0,TRUNG_TINH,False
51,HHV,CTCP Đầu tư Hạ tầng Giao thông Đèo Cả,HOSE,Xây dựng,Công nghiệp,Cơ sở hạ tầng giao thông vận tải,Tấn công (Chu kỳ),45.70496632996633,1.0,,,82.14285714285714,14.285714285714285,40.151515151515156,17.647058823529413,63.970588235294116,36.76470588235294,96.29629629629629,9110,15600.0,71.24039517014269,4,2026-09-24,8.32,0.46,5.920457747445081,1.818388472276879,27.89,14.62,,5233803409000,-0.10246305418719226,-0.13812677388836336,-0.20920138888888895,-0.11892361111111105,0.1812757608814979,-0.2611516626115167,0.4423762490374417,21079755200.0,2026-09-25,1,1890418159.3644004,0.0,0.03611939562180832,,0.0,0.0,,,0,0,0,0,TRUNG_TINH,False
52,SSI,CTCP Chứng khoán SSI,HOSE,Chứng khoán,Tài chính,Chứng khoán và Ngân hàng đầu tư,Tấn công (Chu kỳ),45.31963545713546,1.0,,,33.33333333333333,63.46153846153846,78.78787878787878,45.588235294117645,32.35294117647059,11.338235294117647,75.92592592592592,20700,30850.0,49.03381642512077,2,2026-05-26,12.94,1.53,13.860657472933577,5.099408791877626,57.85,51.84,9.66,62126956989000,-0.025882352941176467,-0.022662889518413665,-0.03541472506989751,-0.009785647716682222,0.3609216636920916,-0.25191489361702135,1.1906001706918656,419954179000.0,2026-09-25,1,1904112809.2191,1103700000.0,0.0030648737705859888,0.0,0.0,0.0,0.0,0.0,0,1,0,1,TRUNG_TINH,True
53,REE,CTCP Cơ Điện Lạnh,HOSE,Thiết bị điện,Tiện ích,Tiện ích điện và sản xuất điện,Phòng thủ (Cổ tức),43.84206278470984,1.0,,,58.33333333333333,41.666666666666664,31.06060606060606,3.6764705882352944,56.61764705882353,45.529411764705884,59.25925925925925,46100,61900.0,34.27331887201734,9,2026-09-15,10.89,1.32,13.48316503775412,8.47359335263042,10.52,15.42,2.17,28738695744000,-0.0010834236186347823,-0.07522567703109329,-0.2522303325223033,-0.251419302514193,0.2145946015521973,-0.29671210906174816,0.43364706327518754,15287945750.0,2026-09-25,2,24063858976.776802,67221122030.89929,0.08373330227347148,3575852599.4608803,3575852599.4608803,0.0,0.012442640512687285,0.05319537210070937,1,1,0,1,MUA,True
54,MBS,CTCP Chứng khoán MB,HNX,Chứng khoán,Tài chính,Chứng khoán và Ngân hàng đầu tư,Tấn công (Chu kỳ),43.630274844980725,1.0,,,33.33333333333333,53.84615384615385,75.0,51.470588235294116,26.470588235294116,19.352941176470587,79.62962962962963,16200,24700.0,52.46913580246915,1,2026-04-10,13.15,1.36,12.781552285516423,4.130666866376507,47.8,45.26,6.17,16215121728000,-0.0949720670391061,-0.13043478260869568,-0.09598214285714302,-0.001116071428571619,0.4124285926374098,-0.2318634423897582,1.0138438391661462,47336666500.0,2026-09-25,1,1228817040.9075,1089243963.6117036,0.007578216565501322,139573077.2957964,139573077.2957964,0.0,0.0008607587388923757,0.12813757244336837,0,0,0,0,TRUNG_TINH,True
55,FRT,CTCP Bán lẻ Kỹ thuật số FPT,HOSE,Bán lẻ,Hàng hóa không thiết yếu,Bán lẻ chuyên dụng,Tăng trưởng (Phi chu kỳ),43.00715983363042,1.0,,,18.75,54.16666666666667,79.54545454545453,44.11764705882353,15.441176470588234,64.29411764705883,27.77777777777778,141900,165300.0,16.490486257928126,10,2026-08-24,22.31,5.29,30.816353803769147,6.31459724557302,115.05,30.93,,25373856446400,-0.03796610169491521,0.1657903384817614,-0.06057596822244293,-0.02350215160542879,0.42775768704076556,-0.3215301111398293,0.6863055218756022,62606920000.0,2026-09-25,1,72264934927.8444,64782360230.25958,0.2848007557719798,7482574697.584824,7482574697.584824,0.0,0.029489308073414433,0.11550327390031928,1,0,0,0,MUA,True
56,HCM,CTCP Chứng khoán Thành phố Hồ Chí Minh,HOSE,Chứng khoán,Tài chính,Chứng khoán và Ngân hàng đầu tư,Tấn công (Chu kỳ),42.5005669439493,1.0,,,11.11111111111111,50.00000000000001,67.42424242424241,97.79411764705883,63.970588235294116,9.838235294117647,3.7037037037037033,24900,22500.0,-9.638554216867467,2,2026-05-20,25.81,2.33,10.662559965146121,3.4737263148011475,52.37,31.25,3.21,34161451914000,-0.05142857142857149,0.0714285714285714,0.3688840021990103,0.44310060472787227,0.30542934115734965,-0.11171240819482031,0.7794133309087752,85849709750.0,2026-09-25,1,1782900000.0,1867800000.0,0.0052190404684448865,-84900000.0,0.0,-84900000.0,-0.0002485257365926136,-0.045454545454545456,0,0,0,0,TRUNG_TINH,True
57,HSG,CTCP Tập đoàn Hoa Sen,HOSE,Vật liệu xây dựng,Nguyên vật liệu,Kim loại và Khai khoáng,Tấn công (Chu kỳ),42.307714398890866,1.0,,,66.66666666666666,16.666666666666664,36.36363636363637,50.0,55.147058823529406,27.97058823529412,74.07407407407408,10000,14800.0,48.0,4,2026-05-14,12.37,0.68,5.644862197498746,3.1568801689984904,40.85,-6.75,,8072627000000,-0.09502262443438925,-0.14529914529914523,-0.09747292418772568,-0.0027075812274367506,0.2557642520806867,-0.21875,0.6874626607124964,23171352500.0,2026-09-25,1,1747650902.6240003,1562200589.387326,0.02164909765586841,185450313.2366743,185450313.2366743,0.0,0.0022972734060012225,0.11871094819481884,0,0,0,0,TRUNG_TINH,True
58,F88,CTCP Đầu tư F88,UPCOM,Tài chính khác,Tài chính,Tài chính ngân hàng,Tấn công (Chu kỳ),36.65849673202614,0.6500000000000001,,,22.22222222222222,50.0,50.0,20.588235294117645,19.117647058823533,41.17647058823529,72.22222222222221,52500,74300.0,41.52380952380952,4,2026-07-27,12.03,4.06,,,,,,12141417750000,-0.125,-0.3312101910828026,-0.2134831460674157,-0.101123595505618,0.3334184328590265,-0.3996569468267581,0.4054300348458212,8825241000.0,2026-09-25,1,5444086303.6196,0.0,0.044838967044187245,,0.0,0.0,,,0,0,0,0,TRUNG_TINH,False
59,GEL,CTCP Hạ tầng GELEX,HOSE,Vật liệu xây dựng,Nguyên vật liệu,Vật liệu xây dựng,Tấn công (Chu kỳ),36.21868191721133,0.45,,Thiếu nhiều dữ liệu,50.0,50.0,50.0,16.176470588235293,6.617647058823529,19.11764705882353,64.81481481481481,29300,40600.0,38.56655290102389,1,2026-05-11,,,,,,,,23147000000000,-0.015126050420168013,-0.07861635220125784,-0.14327485380116967,-0.13011695906432752,0.5449400215643684,-0.375,1.259325209491784,49898701250.0,2026-09-25,1,2323132315.07,0.0,0.010036429408001037,,0.0,0.0,,,0,0,0,0,TRUNG_TINH,False
60,BVB,Ngân hàng TMCP Bản Việt,HOSE,Ngân hàng,Tài chính,Tài chính ngân hàng,Tấn công (Chu kỳ),35.94130406630407,0.9500000000000001,,,42.592592592592595,9.615384615384615,68.93939393939394,47.05882352941176,47.79411764705882,25.0,50.0,10500,,,0,,12.95,1.27,7.566185184469843,0.42504298330194185,63.99,29.97,,10092915000000,-0.10179640718562866,-0.17711598746081503,-0.10865874363327666,-0.007640067911714787,0.2761413826282654,-0.22964049889948646,0.5282704268257683,11266522800.0,2026-09-25,1,1532798658.6669,0.0,0.015186877712404194,,0.0,0.0,,,0,0,0,0,TRUNG_TINH,False
61,GVR,Tập đoàn Công nghiệp Cao su Việt Nam - CTCP,HOSE,Sản xuất Nhựa - Hóa chất,Hàng hóa không thiết yếu,Ô tô và Phụ tùng ô tô,Tấn công (Chu kỳ),34.961997425232724,1.0,,,41.666666666666664,41.666666666666664,47.72727272727273,75.0,17.647058823529413,3.6764705882352944,14.814814814814813,32900,36200.0,10.030395136778125,3,2026-06-15,18.73,2.17,12.27588197778132,9.115853816009148,28.16,18.54,1.19,131200000000000,0.021739130434782483,-0.006042296072507614,0.07868852459016384,0.05573770491803298,0.38897787950394574,-0.33842239185750633,0.8965806014324302,75655946750.0,2026-09-25,1,3231126330.1488,0.0,0.002462748727247561,,0.0,0.0,,,0,0,0,0,TRUNG_TINH,False
62,KBC,Tổng Công ty Phát triển Đô thị Kinh Bắc - CTCP,HOSE,Bất động sản,Bất động sản,Quản lý và phát triển bất động sản,Tấn công (Chu kỳ),34.00411679823445,1.0,,,42.857142857142854,14.285714285714285,10.606060606060606,36.76470588235294,66.1764705882353,22.058823529411764,77.77777777777779,25950,38950.0,50.096339113680145,10,2026-08-26,21.31,0.98,4.622865162629394,1.685770953397018,-17.62,-9.27,,24438535814400,-0.0529197080291971,-0.11433447098976113,-0.10207612456747406,-0.05190311418685123,0.17038054941035705,-0.25962910128388017,0.5357576186169489,31693782000.0,2026-09-25,1,3272297803.7985997,0.0,0.013389909398215473,,0.0,0.0,,,0,0,0,0,TRUNG_TINH,False
63,STB,Ngân hàng TMCP Sài Gòn Tài Lộc,HOSE,Ngân hàng,Tài chính,Tài chính ngân hàng,Tấn công (Chu kỳ),33.12485450279568,1.0,,,10.185185185185183,7.6923076923076925,15.53030303030303,91.17647058823529,75.0,47.67647058823529,1.8518518518518516,76500,63200.0,-17.385620915032685,3,2026-05-12,46.83,2.3,5.023166890399403,0.36247359409355295,-73.43,12.46,,144219004110000,0.02136181575433893,0.059556786703601095,0.229903536977492,0.20418006430868174,0.24036142136261235,-0.13932291666666674,0.5784276873311942,253999119500.0,2026-09-25,10,232698226316.7956,142420147507.2891,0.16135059852397118,11031949295.69006,11410524125.886692,-378574830.1966324,0.007649442154846439,0.07746059450700571,3,1,0,1,MUA,True
64,HHS,CTCP Đầu tư Dịch vụ Hoàng Huy,HOSE,Bán buôn,Hàng hóa không thiết yếu,Ô tô và Phụ tùng ô tô,Theo dõi thêm / Trung lập,32.741198752228165,0.9500000000000001,,,54.166666666666664,10.416666666666666,50.75757575757576,27.941176470588236,16.911764705882355,42.64705882352941,50.0,9600,,,0,,93.72,0.46,0.2392928424284583,0.17797450027012138,-98.91,72.97,,4147065600000,-0.13122171945701366,-0.15044247787610632,-0.20661157024793386,-0.08677685950413216,0.41112560511332047,-0.33333333333333326,1.0802705161914783,10241603050.0,2026-09-25,1,2121836828.4229999,0.0,0.05116477608704815,,0.0,0.0,,,0,0,0,0,TRUNG_TINH,False
65,BVH,Tập đoàn Bảo Việt,HOSE,Bảo hiểm,Tài chính,Bảo hiểm,Phòng thủ (Cổ tức),31.859393710864296,0.9500000000000001,,,22.22222222222222,26.923076923076923,37.12121212121212,3.6764705882352944,21.323529411764707,72.70588235294117,50.0,68800,,,0,,15.33,1.99,13.217018075595316,1.1745543422794884,34.77,-0.03,1.53,51071805337600,0.06666666666666665,0.08176100628930816,-0.1990686845168802,-0.24912689173457514,0.375440139246043,-0.3341176470588235,0.5275417211393515,44814914000.0,2026-09-25,3,254915354542.5557,232861929774.28815,0.499131277732378,22053424768.26754,22053424768.26754,0.0,0.04318121245663389,0.09470601222640304,3,0,0,0,MUA,True
66,BSR,Công ty Cổ phần Lọc hóa dầu Bình Sơn,HOSE,Sản xuất,Năng lượng,Dầu và Khí đốt,Tấn công (Chu kỳ),30.373078827490595,1.0,,,62.5,25.0,6.4393939393939394,55.88235294117647,14.705882352941176,18.147058823529413,9.25925925925926,30400,31250.0,2.796052631578938,8,2026-09-11,7.65,2.04,1.0390937137599845,0.6693412440858918,-93.08,-16.55,0.99,152221907232000,0.10948905109489049,0.25,0.11805810959911711,0.007723427730783383,0.44762933061922194,-0.31257557436517536,0.5629795899107641,368414618000.0,2026-09-25,2,9958589564.6162,5299056006.275691,0.006542152667577871,1430743993.724309,1430743993.724309,0.0,0.0009399067583246905,0.26999978713753425,1,0,1,0,MUA,True
67,EIB,Ngân hàng TMCP Xuất nhập khẩu Việt Nam,HOSE,Ngân hàng,Tài chính,Tài chính ngân hàng,Tấn công (Chu kỳ),26.258296006825418,1.0,,,37.96296296296296,5.769230769230769,3.787878787878788,7.352941176470589,29.41176470588235,50.205882352941174,83.33333333333334,16700,26000.0,55.68862275449102,1,2026-04-03,63.24,1.17,1.87178716311355,0.1882670555649455,-85.19,-21.89,,31107434688000,-0.03746397694524506,-0.18734793187347942,-0.25942350332594244,-0.23059866962305986,0.31328356516139627,-0.3220338983050848,0.8620440770971926,68715369500.0,2026-09-25,2,35103561129.669395,4606915167.526544,0.11284621018013723,6320004557.222856,6320004557.222856,0.0,0.020316701202175505,1.3718517331883215,1,0,0,0,MUA,True
68,TCH,CTCP Đầu tư Dịch vụ Tài chính Hoàng Huy,HOSE,Bất động sản,Hàng hóa không thiết yếu,Ô tô và Phụ tùng ô tô,Tấn công (Chu kỳ),24.602087046939985,1.0,,,54.16666666666666,14.583333333333332,5.681818181818182,10.294117647058822,6.617647058823529,20.588235294117645,88.88888888888889,11300,18000.0,59.29203539823009,3,2026-08-09,37.97,0.98,2.7523013473520663,1.99535359280165,-61.57,-64.3,,11337434979000,-0.06224066390041494,-0.13409961685823757,-0.2466666666666666,-0.19666666666666666,0.43811015681704985,-0.3939393939393939,1.183819146309617,58308061500.0,2026-09-25,1,1465656894.3428998,0.0,0.012927588092524398,,0.0,0.0,,,0,0,0,0,TRUNG_TINH,False
,BWE,CTCP - Tổng công ty nước - môi trường Bình Dương,HOSE,Tiện ích,Tiện ích,Nước & Tiện ích liên quan,Tăng trưởng (Phi chu kỳ),,,Thanh khoản thấp,,,,,,,,,40250,55200.0,37.142857142857146,2,2026-09-23,9.3,1.66,18.4560034259809,7.161459320399148,36.93,3.85,3.23,10116717716000,-0.055164319248826366,-0.07556270096463025,-0.043488593155893485,0.012357414448669335,0.15208064689282602,-0.10971024109710248,0.0669285034304592,1068676000.0,2026-09-25,3,55835149841.34009,40175223279.623314,,-734705919.6223189,0.0,-734705919.6223189,,-0.018287537931244262,0,0,0,0,TRUNG_TINH,True
,TCI,Công ty Cổ phần Chứng khoán Thành Công,HOSE,Chứng khoán,Tài chính,Chứng khoán và Ngân hàng đầu tư,Tấn công (Chu kỳ),,,Thanh khoản thấp,,,,,,,,,9910,,,0,,70.53,0.87,1.2689034416137657,0.6542948785912276,-74.11,45.72,,1145803713600,-0.00800800800800805,-0.04711538461538467,0.13257142857142856,0.14171428571428568,0.3405636499633968,-0.25381526104417673,0.17547981489151204,602027700.0,2026-09-25,2,25141998847.8774,8096067109.658976,,48045895.89082432,48045895.89082432,0.0,,0.005934473521532866,0,0,0,0,TRUNG_TINH,True
,QTP,CTCP Nhiệt điện Quảng Ninh,UPCOM,Tiện ích,Tiện ích,Tiện ích điện và sản xuất điện,Tăng trưởng (Phi chu kỳ),,,Thanh khoản thấp,,,,,,,,,10900,14000.0,28.440366972477072,3,2026-07-23,4.1,0.83,21.431970951560224,16.418101642599577,101.4,2.91,9.17,4905000000000,-0.018018018018017945,-0.05217391304347818,-0.23776223776223782,-0.22377622377622386,0.11317994155807778,-0.2158273381294964,0.11704876874008006,832218500.0,2026-09-25,2,20780683200.7192,20739667635.79543,,41015564.923769,384421381.4564171,-343405816.5326481,,0.0019776384869822396,0,0,0,0,TRUNG_TINH,True
,PVI,CTCP PVI,HNX,Bảo hiểm,Tài chính,Bảo hiểm,Tăng trưởng (Phi chu kỳ),,,Thanh khoản thấp,,,,,,,,,63400,77000.0,21.451104100946374,1,2026-08-26,12.17,1.8,15.194763043906725,3.2631436460346386,40.27,26.32,8.6,16335959478400,-0.04947526236881561,-0.03117359413202936,-0.09570674654114963,-0.04863785479960059,0.18551749268791876,-0.13786353467561518,0.3086267560951594,1049349500.0,2026-09-25,1,18473487950.163998,16174166082.196632,,2299321867.9673653,2299321867.9673653,0.0,,0.14216014948049127,1,0,0,0,MUA,True
,ND2,CTCP Đầu tư và Phát triển Điện Miền Bắc 2,UPCOM,Xây dựng,Tiện ích,Tiện ích điện và sản xuất điện,Tăng trưởng (Phi chu kỳ),,,Thanh khoản thấp,,,,,,,,,34600,,,0,,8.23,2.04,25.18206763236333,13.499517766063354,7.19,0.99,10.77,1624803700000,-0.021902190219021844,0.005552128315854388,0.005552128315854388,0.028069093152375046,0.6151777811875043,-0.1820652173913042,0.2970008728293592,80663500.0,2026-09-25,1,6913842416.6106,7777561117.536462,,-863718700.9258614,0.0,-863718700.9258614,,-0.1110526407794329,0,0,0,0,TRUNG_TINH,True
,DBD,CTCP Dược - Trang thiết bị Y tế Bình Định (Bidiphar),HOSE,Chăm sóc sức khỏe,Chăm sóc sức khỏe,Dược phẩm,Phòng thủ (Cổ tức),,,Thanh khoản thấp,,,,,,,,,46950,,,0,,15.29,2.55,17.184188496198725,11.174549268312278,-5.51,2.37,4.26,4436270757000,-0.014069718605627779,-0.053999597017932666,-0.04843940008107017,-0.03486015403323883,0.14348810391875777,-0.09927550420990794,0.14026097996210607,1671245750.0,2026-09-25,1,6005304763.733001,0.0,,,0.0,0.0,,,0,0,0,0,TRUNG_TINH,False
,PIV,CTCP PIV,UPCOM,Bất động sản,Bất động sản,Quản lý và phát triển bất động sản,Tấn công (Chu kỳ),,,Thanh khoản thấp,,,,,,,,,6700,,,0,,10.99,9.98,163.3021506932876,11.2184191391175,1200.08,1412.93,,116077111400,0.030769230769230882,-0.014705882352941124,0.0,-0.02985074626865669,0.34192294939850076,-0.2592592592592592,0.5642893087558893,481854000.0,2026-09-25,1,5418411985.4556,0.0,,,0.0,0.0,,,0,0,0,0,TRUNG_TINH,False
,FMC,CTCP Thực phẩm Sao Ta,HOSE,Chế biến thủy sản,Hàng hóa thiết yếu,Thực phẩm và thuốc lá,Tăng trưởng (Phi chu kỳ),,,Thanh khoản thấp,,,,,,,,,32800,45000.0,37.19512195121952,3,2026-07-03,4.78,0.91,19.866198498984378,9.947760802811462,18.65,-8.56,6.1,2144755592000,-0.03101920236336797,-0.0721357850070723,-0.08251748251748259,-0.05314685314685308,0.1334762699514731,-0.13484646194926575,0.03690924171213187,296908500.0,2026-09-25,1,2727154289.521,2598147155.9278736,,129007133.5931263,129007133.5931263,0.0,,0.04965351300398307,0,0,0,0,TRUNG_TINH,True
,VIP,CTCP Vận tải Xăng dầu VIPCO,HOSE,Vận tải - Kho bãi,Năng lượng,Dịch vụ và Thiết bị Dầu khí,Tấn công (Chu kỳ),,,Thanh khoản thấp,,,,,,,,,9790,,,0,,12.69,0.55,4.260965272106278,3.7008684826195277,-53.62,4.64,10.21,670330502600,0.0030737704918031294,-0.07115749525616699,-0.09852670349907922,-0.10128913443830567,0.08974278518393125,-0.1242009132420091,0.24685952287926044,280765050.0,2026-09-25,1,2720502693.6928997,2669539185.3636365,,50963508.32926321,50963508.32926321,0.0,,0.01909075117109439,0,0,0,0,TRUNG_TINH,True
,HPA,CTCP Phát triển Nông nghiệp Hòa Phát,HOSE,Thực phẩm - Đồ uống,Hàng hóa thiết yếu,Thực phẩm và thuốc lá,Phòng thủ (Cổ tức),,,Thanh khoản thấp,,,,,,,,,26900,37700.0,40.14869888475836,3,2026-06-15,5.89,1.74,,,,,7.81,7666500000000,-0.0692041522491349,-0.2064896755162242,-0.25505400166158965,-0.1996676820825256,0.22851186757321362,-0.2785462435584485,0.2975623193740534,1734583000.0,2026-09-25,1,13303191.656200001,12245826.821754439,,1057364.8344455622,1057364.8344455622,0.0,,0.08634491160426809,0,0,0,0,TRUNG_TINH,True
